"STATIONNAME","STATIONARRONDISSEMENT","STATIONLATITUDE","STATIONLONGITUDE"
"St-Urbain / René-Lévesque","Ville-Marie",45.507838,-73.563136
"Roy / St-Laurent","Le Plateau-Mont-Royal",45.515616,-73.575808
"Lajeunesse / Villeray","Villeray - Saint-Michel - Parc-Extension",45.542119,-73.622547
"Parc Plage","Ville-Marie",45.502828,-73.527793
"Marie-Anne / de la Roche","Le Plateau-Mont-Royal",45.527758,-73.576185
"2e avenue / Jean-Rivard","Villeray - Saint-Michel - Parc-Extension",45.562509,-73.61656
"Métro Atwater (Atwater / Ste-Catherine)","Ville-Marie",45.489476,-73.584566
"Place d'Youville / McGill","Ville-Marie",45.4999647,-73.5561544
"de Bleury / de Maisonneuve","Ville-Marie",45.5070965,-73.5684416
"Grand Boulevard / de Terrebonne","Côte-des-Neiges - Notre-Dame-de-Grâce",45.470544,-73.63168
"Métro Mont-Royal (Rivard / du Mont-Royal)","Le Plateau-Mont-Royal",45.524673,-73.58255
"Metcalfe / de Maisonneuve","Ville-Marie",45.501715,-73.57413
"de la Commune / St-Sulpice","Ville-Marie",45.504242,-73.55347
"Gary-Carter / St-Laurent","Villeray - Saint-Michel - Parc-Extension",45.5359,-73.622443
"de Lanaudière / Marie-Anne","Le Plateau-Mont-Royal",45.529326,-73.574806
"Marché Maisonneuve","Mercier - Hochelaga-Maisonneuve",45.553219,-73.539782
"Clark / Prince-Arthur","Le Plateau-Mont-Royal",45.513303,-73.572961
"Parthenais / du Mont-Royal","Le Plateau-Mont-Royal",45.536346,-73.57131
"du Havre / de Rouen","Ville-Marie",45.534563,-73.554787
"Boyer / Bélanger","Rosemont - La Petite-Patrie",45.54006,-73.60897
"University / Prince-Arthur","Le Plateau-Mont-Royal",45.507402,-73.578444
"Quai de la navette fluviale","Ville-Marie",45.513741,-73.538382
"Park Row O / Sherbrooke","Côte-des-Neiges - Notre-Dame-de-Grâce",45.460729,-73.634073
"Swail / Decelles","Côte-des-Neiges - Notre-Dame-de-Grâce",45.497055,-73.618652
"Terminus Newman (Airlie / Lafleur)","LaSalle",45.4250597,-73.6495992
"Messier / du Mont-Royal","Le Plateau-Mont-Royal",45.537114,-73.571003
"Métro Lionel-Groulx (St-Jacques / Atwater)","Le Sud-Ouest",45.4836285,-73.5797026
"Villeneuve / St-Laurent","Le Plateau-Mont-Royal",45.521342,-73.589419
"Prince-Arthur / St-Urbain","Le Plateau-Mont-Royal",45.512587,-73.573739
"Parc Howard (de l'Épée / de Liège)","Villeray - Saint-Michel - Parc-Extension",45.5616903,-73.610512
"de l'Hôtel-de-Ville / Roy","Le Plateau-Mont-Royal",45.517401,-73.574605
"Dollard / Bernard","Outremont",45.516783,-73.611423
"La Ronde","Ville-Marie",45.521565,-73.535332
"St-Antoine / St-François-Xavier","Ville-Marie",45.504591,-73.559188
"Bloomfield / Jean-Talon","Villeray - Saint-Michel - Parc-Extension",45.5274603,-73.6241752
"Melville / de Maisonneuve","Westmount",45.4818402,-73.595379
"Édouard-Montpetit / de Stirling","Côte-des-Neiges - Notre-Dame-de-Grâce",45.50723,-73.615085
"Bernard / Jeanne-Mance","Le Plateau-Mont-Royal",45.524287,-73.604973
"Mackay / Ste-Catherine","Ville-Marie",45.495709,-73.576952
"Jeanne-Mance / Laurier","Le Plateau-Mont-Royal",45.5201249,-73.5952138
"Parc Maisonneuve (Viau / Sherbrooke)","Rosemont - La Petite-Patrie",45.5649368,-73.5555911
"Métro Charlevoix (Centre / Charlevoix)","Le Sud-Ouest",45.478228,-73.569651
"Clark / St-Viateur","Le Plateau-Mont-Royal",45.5251603,-73.5992467
"Marquette / Laurier","Le Plateau-Mont-Royal",45.53543,-73.5822
"McTavish / Sherbrooke","Ville-Marie",45.502813,-73.576024
"Métro Place-d'Armes (Viger / St-Urbain)","Ville-Marie",45.50623,-73.55976
"de Maisonneuve / Mansfield (sud)","Ville-Marie",45.502145,-73.573427
"Aylwin / Ontario","Mercier - Hochelaga-Maisonneuve",45.544284,-73.54534
"Parc riverain de Lachine (des Iroquois)","Lachine",45.4305431,-73.6690244
"Place Émilie-Gamelin","Ville-Marie",45.515901,-73.559948
"Métro Papineau (Cartier / Ste-Catherine)","Ville-Marie",45.52353,-73.55199
"de Gaspé / Beaubien","Rosemont - La Petite-Patrie",45.5319579,-73.607001
"St-Dominique / Rachel","Le Plateau-Mont-Royal",45.518593,-73.581566
"St-Dominique / St-Viateur","Le Plateau-Mont-Royal",45.526557,-73.598276
"Queen / Wellington","Ville-Marie",45.497605,-73.55535
"Métro Sauvé (Berri / Sauvé)","Ahuntsic-Cartierville",45.550692,-73.656367
"Brittany / Ainsley","Mont-Royal",45.5258899,-73.6500344
"Jeanne-Mance / René-Lévesque","Ville-Marie",45.506371,-73.564201
"Parc Olympique (Pie-IX / Sherbrooke)","Mercier - Hochelaga-Maisonneuve",45.5548245,-73.5537028
"Alexandre-DeSève / Ontario","Ville-Marie",45.5243588,-73.5605344
"Smith / Peel","Le Sud-Ouest",-1,-1
"Henri-Julien / de Castelnau","Villeray - Saint-Michel - Parc-Extension",45.537891,-73.618215
"St-Dominique / Laurier","Le Plateau-Mont-Royal",45.5236149,-73.5924574
"Fullum / Holt","Rosemont - La Petite-Patrie",45.5439195,-73.5842489
"27e avenue / Rosemont","Rosemont - La Petite-Patrie",45.5636787,-73.5716045
"Plessis / Ontario","Ville-Marie",45.523492,-73.56073
"Parc Jeanne-Mance (du Mont-Royal / du Parc)","Le Plateau-Mont-Royal",45.517,-73.589
"Métro Joliette  (Joliette / Hochelaga)","Mercier - Hochelaga-Maisonneuve",45.546907,-73.551557
"BAnQ (Berri / de Maisonneuve)","Ville-Marie",45.515299,-73.561273
"Calixa-Lavallée / Sherbrooke","Le Plateau-Mont-Royal",45.52479,-73.56545
"Marie-Anne / Papineau","Le Plateau-Mont-Royal",45.5317737,-73.5724462
"Duluth / St-Laurent","Le Plateau-Mont-Royal",45.516876,-73.57946
"Tolhurst / Fleury","Ahuntsic-Cartierville",45.544149,-73.66752
"Garnier / St-Grégoire","Le Plateau-Mont-Royal",45.5358344,-73.5870212
"Drolet / Laurier","Le Plateau-Mont-Royal",45.526252,-73.589758
"Jacques-Casault / Christophe-Colomb","Ahuntsic-Cartierville",45.552123,-73.630103
"St-André / Cherrier","Le Plateau-Mont-Royal",45.520524,-73.567697
"Parc Jeanne Mance (monument sir George-Etienne Cartier)","Le Plateau-Mont-Royal",45.51484,-73.584779
"St-Denis / René-Lévesque","Ville-Marie",45.512871,-73.558466
"Notre-Dame-de-Grâce / Westmount","Westmount",45.4804701,-73.6112161
"Bourget / St-Jacques","Le Sud-Ouest",45.4808458,-73.5838616
"Milton / Durocher","Le Plateau-Mont-Royal",45.508141,-73.57493
"Métro Guy-Concordia (Guy / St-Catherine)","Ville-Marie",45.495045,-73.57783
"Parc du Pélican (2e avenue / St-Joseph)","Rosemont - La Petite-Patrie",45.544513,-73.571564
"Métro Parc  (Hutchison / Ogilvy)","Villeray - Saint-Michel - Parc-Extension",45.5303513,-73.6243924
"Mozart / St-Laurent","Rosemont - La Petite-Patrie",45.53318,-73.61544
"Vallières / St-Laurent","Le Plateau-Mont-Royal",45.518967,-73.583616
"Laurier / de Bordeaux","Le Plateau-Mont-Royal",45.537205,-73.579254
"Émile-Duployé / Sherbrooke","Le Plateau-Mont-Royal",45.527201,-73.564729
"Parc de Bullion (de Bullion / Prince-Arthur)","Le Plateau-Mont-Royal",45.515604,-73.572135
"CHU Ste-Justine (de la Côte Ste-Catherine / Hudson)","Côte-des-Neiges - Notre-Dame-de-Grâce",45.5039817,-73.6228395
"de St-Firmin / Fleury","Ahuntsic-Cartierville",45.570657,-73.651842
"16e avenue / Jean-Talon","Villeray - Saint-Michel - Parc-Extension",45.56244,-73.595333
"CCI Outremont (Dollard / Durcharme)","Outremont",45.5200191,-73.6189073
"Guilbault / Clark","Le Plateau-Mont-Royal",45.514108,-73.57523
"St-Joseph / 8e avenue Lachine","Lachine",45.43155,-73.67112
"Mackay / de Maisonneuve","Ville-Marie",45.49683,-73.57913
"Beaudry / Sherbrooke","Ville-Marie",45.523035,-73.565395
"Berri / Cherrier","Le Plateau-Mont-Royal",45.519088,-73.569509
"Square St-Louis (du Square St-Louis / Laval)","Le Plateau-Mont-Royal",45.516091,-73.570129
"Parc Labelle (LaSalle / Henri-Duhamel)","Verdun",45.472561,-73.5699892
"Jeanne-Mance / St-Viateur","Le Plateau-Mont-Royal",45.523027,-73.60184
"St-Dominique / Napoléon","Le Plateau-Mont-Royal",45.5166644,-73.5772204
"St-Dominique / Bernard","Le Plateau-Mont-Royal",45.527933,-73.601223
"Métro Viau (Pierre-de-Coubertin / Viau)","Mercier - Hochelaga-Maisonneuve",45.561783,-73.546611
"Panet / Ste-Catherine","Ville-Marie",45.5199567,-73.5548166
"Villeneuve / St-Urbain","Le Plateau-Mont-Royal",45.520188,-73.590559
"Everett / Garnier","Villeray - Saint-Michel - Parc-Extension",45.5475815,-73.6122085
"Bishop / Ste-Catherine","Ville-Marie",45.496583,-73.576502
"de Léry / Sherbrooke","Mercier - Hochelaga-Maisonneuve",45.5409997,-73.5582626
"de l'Esplanade / du Mont-Royal","Le Plateau-Mont-Royal",45.518253,-73.588338
"Casgrain / St-Viateur","Le Plateau-Mont-Royal",45.527513,-73.598791
"University / Milton","Ville-Marie",45.506511,-73.576669
"Casino de Montréal","Ville-Marie",45.506373,-73.524577
"Elgar / de l'Île-des-Sœurs","Verdun",45.456823,-73.546804
"de Bordeaux / Marie-Anne","Le Plateau-Mont-Royal",45.533409,-73.570657
"Laurier / de Brébeuf","Le Plateau-Mont-Royal",45.532514,-73.584811
"Boyer / Beaubien","Rosemont - La Petite-Patrie",45.537041,-73.602026
"Calixa-Lavallée / Rachel","Le Plateau-Mont-Royal",45.527795,-73.571939
"Peel / Ottawa","Le Sud-Ouest",45.4941996,-73.5599846
"4e avenue / de Verdun","Verdun",45.456885,-73.572607
"Marché Atwater","Le Sud-Ouest",45.480208,-73.577599
"Ste-Émilie / Sir-Georges-Etienne-Cartier","Le Sud-Ouest",45.472668,-73.58539
"Métro St-Laurent (de Maisonneuve / St-Laurent)","Ville-Marie",45.51066,-73.56497
"de Bordeaux / St-Zotique","Rosemont - La Petite-Patrie",45.546539,-73.598665
"Notre-Dame / Jean-d'Estrées","Ville-Marie",45.4942598,-73.5638181
"St-Dominique / St-Zotique","Rosemont - La Petite-Patrie",45.532265,-73.611063
"Gilford / St-Denis","Le Plateau-Mont-Royal",45.5251147,-73.586006
"St-Patrick / Briand","Le Sud-Ouest",45.463397,-73.596436
"de Maisonneuve / Aylmer (ouest)","Ville-Marie",45.505063,-73.5706812
"Métro Snowdon (de Westbury / Queen-Mary)","Côte-des-Neiges - Notre-Dame-de-Grâce",45.485385,-73.628142
"26e avenue / Beaubien","Rosemont - La Petite-Patrie",45.564944,-73.577639
"du Mont-Royal / Clark","Le Plateau-Mont-Royal",45.51941,-73.58685
"Métro Peel (de Maisonneuve / Stanley)","Ville-Marie",45.50038,-73.57507
"Parc Père-Marquette (Chambord / Rosemont)","Rosemont - La Petite-Patrie",45.537088,-73.593219
"de Lanaudière / Bélanger","Rosemont - La Petite-Patrie",45.543651,-73.60565
"CHSLD St-Michel (8e avenue / Jarry)","Villeray - Saint-Michel - Parc-Extension",45.5616903,-73.610512
"Bassin olympique (Chemin du Chenal le Moyne)","Ville-Marie",45.5169025,-73.5272455
"Place du Commerce","Verdun",45.46714,-73.54259
"Pontiac / Gilford","Le Plateau-Mont-Royal",45.527009,-73.585766
"Grand Boulevard / Sherbrooke","Côte-des-Neiges - Notre-Dame-de-Grâce",45.466569,-73.623295
"de Lanaudière / du Mont-Royal","Le Plateau-Mont-Royal",45.5302211,-73.5769965
"St-Dominique / de Bellechasse","Rosemont - La Petite-Patrie",45.5295036,-73.6048646
"Durocher / Sherbrooke","Le Plateau-Mont-Royal",45.5070762,-73.5722852
"Marie-Anne / St-Hubert","Le Plateau-Mont-Royal",45.524683,-73.578897
"Jogues / Allard","Le Sud-Ouest",45.45002,-73.600306
"La Tour de Montréal (Pierre-de-Coubertin / Bennett)","Mercier - Hochelaga-Maisonneuve",45.5597053,-73.5515544
"Bélanger / St-Denis","Rosemont - La Petite-Patrie",45.53696,-73.61199
"Parc Loyola (Somerled / Doherty)","Côte-des-Neiges - Notre-Dame-de-Grâce",45.460023,-73.644442
"Fullum / de Rouen","Ville-Marie",45.5321322,-73.5587601
"Aylmer / Prince-Arthur","Le Plateau-Mont-Royal",45.508567,-73.577698
"Cadillac / Sherbrooke","Mercier - Hochelaga-Maisonneuve",45.576963,-73.546836
"Bordeaux / Sherbrooke","Ville-Marie",45.529971,-73.563053
"Desjardins / Ontario","Mercier - Hochelaga-Maisonneuve",45.551192,-73.540873
"Parc St-Paul (Le Caron / Marc-Sauvalle)","Le Sud-Ouest",45.461685,-73.584039
"1ère avenue / Rosemont","Rosemont - La Petite-Patrie",45.5478,-73.584867
"Parc St-Laurent (Salk / Thomas-Chapais)","Montréal-Nord",45.6062348,-73.6287838
"Clark / Fleury","Ahuntsic-Cartierville",45.547581,-73.665234
"Milton / du Parc","Le Plateau-Mont-Royal",45.509361,-73.573864
"Richardson / de Montmorency","Le Sud-Ouest",45.48498,-73.560333
"de Maisonneuve / Mansfield (nord)","Ville-Marie",45.502311,-73.5733635
"U. Concordia - Campus Loyola (Sherbrooke / West Broadway)","Côte-des-Neiges - Notre-Dame-de-Grâce",45.457509,-73.639485
"Notre-Dame / de la Montagne","Ville-Marie",45.493029,-73.564818
"des Seigneurs / Notre-Dame","Le Sud-Ouest",45.487723,-73.569083
"Louis-Hémon / Rosemont","Rosemont - La Petite-Patrie",45.544599,-73.588223
"Marquette / du Mont-Royal","Le Plateau-Mont-Royal",45.53229,-73.57544
"Viger / Chenneville","Ville-Marie",45.505312,-73.560891
"Newman / Senkus","LaSalle",45.444043,-73.613752
"Métro Radisson (Sherbrooke / des Groseilliers)","Mercier - Hochelaga-Maisonneuve",45.589175,-73.539656
"Square Victoria (Viger / du Square-Victoria)","Ville-Marie",45.50206,-73.56295
"Labadie / du Parc","Le Plateau-Mont-Royal",45.519895,-73.596827
"la Fontaine / Alexandre-de-Sève","Ville-Marie",45.5233037,-73.5579997
"Turgeon / Notre-Dame","Le Sud-Ouest",45.478888,-73.581989
"de la Roche / Bélanger","Rosemont - La Petite-Patrie",45.54167,-73.607604
"Louis-Hébert / St-Zotique","Rosemont - La Petite-Patrie",45.55001,-73.59576
"Parc J.-Arthur-Champagne (de Chambly / du Mont-Royal)","Rosemont - La Petite-Patrie",45.551584,-73.561916
"Marché Jean-Talon (Henri-Julien / Jean-Talon)","Rosemont - La Petite-Patrie",45.536785,-73.614888
"des Bassins / du Séminaire","Ville-Marie",45.490452,-73.560172
"Souligny / Desmarteau","Mercier - Hochelaga-Maisonneuve",45.6046208,-73.5159963
"Bennett / Pierre-de-Coubertin","Mercier - Hochelaga-Maisonneuve",45.5581597,-73.5484001
"de la Commune / King","Ville-Marie",45.497515,-73.552571
"Complexe sportif Claude-Robillard","Ahuntsic-Cartierville",45.553262,-73.638615
"de Bullion / du Mont-Royal","Le Plateau-Mont-Royal",45.521751,-73.585268
"Crescent / de Maisonneuve","Ville-Marie",45.498112,-73.577615
"Métro Fabre (Marquette / Jean-Talon)","Villeray - Saint-Michel - Parc-Extension",45.5474078,-73.6076689
"Hutchison / Prince-Arthur","Le Plateau-Mont-Royal",45.509759,-73.576107
"des Érables / Laurier","Le Plateau-Mont-Royal",45.5384608,-73.5776791
"St-Dominique / Gounod","Villeray - Saint-Michel - Parc-Extension",45.538738,-73.628022
"Young / Wellington","Le Sud-Ouest",45.492825,-73.557978
"de Melrose / Sherbrooke","Côte-des-Neiges - Notre-Dame-de-Grâce",45.46982,-73.616961
"Boucher / St-Denis","Le Plateau-Mont-Royal",45.5278492,-73.5918613
"Marquette / des Carrières","Rosemont - La Petite-Patrie",45.538799,-73.5887
"Dollard / Van Horne","Outremont",45.519153,-73.616469
"2e avenue / Wellington","Verdun",45.457893,-73.567528
"Fullum / Marie-Anne","Le Plateau-Mont-Royal",45.5365054,-73.5680392
"Harvard / de Monkland","Côte-des-Neiges - Notre-Dame-de-Grâce",45.474565,-73.624036
"St-Mathieu / Sherbrooke","Ville-Marie",45.495789,-73.582596
"Casgrain / Maguire","Le Plateau-Mont-Royal",45.525933,-73.595253
"Métro Jarry (Lajeunesse / Jarry)","Villeray - Saint-Michel - Parc-Extension",45.5435597,-73.627772
"St-André / Ste-Catherine","Ville-Marie",45.516427,-73.558112
"Métro de l'Église (Ross / de l'Église)","Verdun",45.462726,-73.565959
"Bernard / St-Urbain","Le Plateau-Mont-Royal",45.526267,-73.603191
"Prince-Arthur / du Parc","Le Plateau-Mont-Royal",45.51059,-73.57547
"Waverly / St-Viateur","Le Plateau-Mont-Royal",45.523856,-73.600127
"Bibliothèque de Verdun (Brown / Bannantyne)","Verdun",45.448262,-73.577856
"St-Christophe / René-Lévesque","Ville-Marie",45.5149464,-73.5562329
"Dorion / Ontario","Ville-Marie",45.526991,-73.558212
"de l'Église / Bannantyne","Verdun",45.463254,-73.575879
"Métro Place St-Henri (St-Ferdinand / St-Jacques)","Le Sud-Ouest",45.477249,-73.587238
"Chabot / Beaubien","Rosemont - La Petite-Patrie",45.544376,-73.595645
"Dézéry / Ontario","Mercier - Hochelaga-Maisonneuve",45.54111,-73.54755
"Roy / St-Denis","Le Plateau-Mont-Royal",45.51908,-73.5727
"Métro Beaudry (Montcalm / de Maisonneuve)","Ville-Marie",45.519132,-73.5578897
"Chomedey / de Maisonneuve","Ville-Marie",45.4918,-73.584006
"Aréna Rodrigue-Gilbert (du Tricentenaire / de Montigny)","Rivière-des-Prairies - Pointe-aux-Trembles",45.6514058,-73.5004127
"du Parc-Lafontaine / Rachel","Le Plateau-Mont-Royal",45.5254742,-73.5743251
"St-Cyril / Wiseman","Outremont",45.5208548,-73.6157396
"Victoria Hall","Westmount",45.481291,-73.60033
"d'Outremont / Ogilvy","Villeray - Saint-Michel - Parc-Extension",45.52687,-73.626723
"Beaudry / Ontario","Ville-Marie",45.5214582,-73.5620499
"du President-Kennedy / Union","Ville-Marie",45.505011,-73.572028
"Métro Édouard-Montpetit (du Mont-Royal / Vincent-d'Indy)","Outremont",45.510086,-73.611429
"18e avenue / Rosemont","Rosemont - La Petite-Patrie",45.557896,-73.576529
"de l'Hôtel-de-Ville / Sherbrooke","Ville-Marie",45.514565,-73.568407
"Ste-Catherine / Labelle","Ville-Marie",45.515065,-73.55923
"Notre-Dame / Gauvin","Ville-Marie",45.500105,-73.560199
"Boyer / Everett","Villeray - Saint-Michel - Parc-Extension",45.5432845,-73.6162861
"Parc St-Henri (Laporte / Guay)","Le Sud-Ouest",45.4801338,-73.5859081
"St-Hubert / Laurier","Le Plateau-Mont-Royal",45.52931,-73.588657
"Alexandre-DeSève / Ste-Catherine","Ville-Marie",45.52123,-73.553861
"Métro Rosemont (de St-Vallier / Rosemont)","Rosemont - La Petite-Patrie",45.531783,-73.597793
"16e avenue / St-Joseph","Rosemont - La Petite-Patrie",45.55287,-73.565631
"Parc Painter (Marcotte / Quenneville)","Saint-Laurent",45.5286305,-73.6773124
"Villeneuve / de l'Hôtel-de-Ville","Le Plateau-Mont-Royal",45.523544,-73.587332
"Métro Assomption (Chauveau / de l'Assomption)","Mercier - Hochelaga-Maisonneuve",45.569789,-73.548081
"Logan / d'Iberville","Ville-Marie",45.53057,-73.54913
"Marché Jean-Talon (Casgrain / Shamrock)","Rosemont - La Petite-Patrie",45.5351901,-73.6154822
"Boyer / du Mont-Royal","Le Plateau-Mont-Royal",45.527432,-73.579917
"Métro Jean-Talon (Berri / Jean-Talon)","Villeray - Saint-Michel - Parc-Extension",45.5390004,-73.614251
"Richmond / des Bassins","Le Sud-Ouest",45.4875216,-73.565003
"Métro Place-des-Arts (du Président-Kennedy / Jeanne-Mance)","Ville-Marie",45.5082046,-73.5688144
"Aylmer / Sherbrooke","Le Plateau-Mont-Royal",45.506587,-73.573299
"Jean-Brillant / de la Côte-des-Neiges","Côte-des-Neiges - Notre-Dame-de-Grâce",45.495415,-73.622341
"Métro Laurier (Berri / St-Joseph)","Le Plateau-Mont-Royal",45.527231,-73.586726
"16e avenue / Beaubien","Rosemont - La Petite-Patrie",45.558281,-73.583159
"Sanguinet / Ste-Catherine","Ville-Marie",45.512797,-73.561463
"St-Germain / Hochelaga","Mercier - Hochelaga-Maisonneuve",45.543699,-73.553673
"Métro Bonaventure (de la Gauchetière / de la Cathédrale)","Ville-Marie",45.4983122,-73.567256
"de Bordeaux / Masson","Le Plateau-Mont-Royal",45.538984,-73.582445
"Laval / du Mont-Royal","Le Plateau-Mont-Royal",45.522365,-73.584146
"Métro Beaubien (de Chateaubriand / Beaubien)","Rosemont - La Petite-Patrie",45.53536,-73.603635
"Parc des Rapides (LaSalle / 6e avenue)","LaSalle",45.429471,-73.593099
"Fullum / Gilford","Le Plateau-Mont-Royal",45.539224,-73.573837
"de Brébeuf / du Mont-Royal","Le Plateau-Mont-Royal",45.529408,-73.578154
"Nicolet / Sherbrooke","Mercier - Hochelaga-Maisonneuve",45.549695,-73.554647
"Parc St-Laurent (Dutrisac)","Saint-Laurent",45.5259138,-73.6891115
"Cartier / Masson","Le Plateau-Mont-Royal",45.538021,-73.583524
"Pratt / Bates","Outremont",45.5169478,-73.6263156
"de la Commune / Berri","Ville-Marie",45.51086,-73.54983
"Métro Monk (Allard / Beaulieu)","Le Sud-Ouest",45.450851,-73.594027
"Laval / Duluth","Le Plateau-Mont-Royal",45.519216,-73.57718
"St-Alexandre / Ste-Catherine","Ville-Marie",45.505359,-73.567741
"de Chambly / Rachel","Rosemont - La Petite-Patrie",45.549911,-73.558263
"du Parc-La Fontaine / Duluth","Le Plateau-Mont-Royal",45.524518,-73.571977
"Querbes / Laurier","Outremont",45.51754,-73.597832
"Métro Lasalle (de Rushbrooke / Caisse)","Verdun",45.470696,-73.565422
"du Mont-Royal / Augustin-Frigon","Rosemont - La Petite-Patrie",45.543763,-73.56772
"Clark / Rachel","Le Plateau-Mont-Royal",45.517354,-73.582129
"Aylmer / Ste-Catherine","Ville-Marie",45.5043468,-73.5689485
"de la Côte St-Paul / St-Ambroise","Le Sud-Ouest",45.4676657,-73.5939178
"Parc du Pélican (1ère avenue / Masson)","Rosemont - La Petite-Patrie",45.5451997,-73.5764507
"Métro Sherbrooke (de Rigaud / St-Denis)","Le Plateau-Mont-Royal",45.5179989,-73.5681841
"Gilford / de Lanaudière","Le Plateau-Mont-Royal",45.532008,-73.580444
"Earnscliffe / Queen-Mary","Côte-des-Neiges - Notre-Dame-de-Grâce",45.4818451,-73.6303738
"3e avenue / Holt","Rosemont - La Petite-Patrie",45.5480035,-73.5813899
"Ernest-Gendreau / du Mont-Royal","Rosemont - La Petite-Patrie",45.549714,-73.563848
"William / St-Henri","Ville-Marie",45.498919,-73.557254
"10e avenue / Holt","Rosemont - La Petite-Patrie",45.5519116,-73.5792112
"St-Urbain / Beaubien","Rosemont - La Petite-Patrie",45.52951,-73.61068
"Gloria / Dollard","LaSalle",45.429711,-73.6338834
"de la Gauchetière / Robert-Bourassa","Ville-Marie",45.500606,-73.565448
"Jean Langlois / Fullum","Ville-Marie",45.5265,-73.545753
"Molson / Beaubien","Rosemont - La Petite-Patrie",45.549686,-73.591155
"Gare d'autocars de Montréal (Berri / Ontario)","Ville-Marie",45.516897,-73.563949
"Métro Pie-IX (Pierre-de-Coubertin / de la Salle)","Mercier - Hochelaga-Maisonneuve",45.5552411,-73.5508221
"de Kent / de la Côte-des-Neiges","Côte-des-Neiges - Notre-Dame-de-Grâce",45.501449,-73.633051
"Maguire / Henri-Julien","Le Plateau-Mont-Royal",45.527041,-73.593471
"St-André / Robin","Ville-Marie",45.518128,-73.561851
"Beaubien / 8e avenue","Rosemont - La Petite-Patrie",45.553457,-73.587842
"Parc Baldwin (Fullum / Sherbrooke)","Le Plateau-Mont-Royal",45.5340705,-73.5626507
"Métro Montmorency","Laval",45.558109,-73.719598
"Berri / Rachel","Le Plateau-Mont-Royal",45.522719,-73.577204
"de la Côte St-Antoine / Royal","Côte-des-Neiges - Notre-Dame-de-Grâce",45.468927,-73.61987
"de Mentana / Laurier","Le Plateau-Mont-Royal",45.53045,-73.587638
"Milton / Clark","Le Plateau-Mont-Royal",45.512541,-73.570677
"Rivard / Rachel","Le Plateau-Mont-Royal",45.522278,-73.577591
"Marmier / St-Denis","Rosemont - La Petite-Patrie",45.530871,-73.598345
"St-Charles / Thomas-Keefer","Le Sud-Ouest",45.477605,-73.573775
"Place Rodolphe-Rousseau (Gohier / Édouard-Laurin)","Saint-Laurent",45.5129939,-73.6824985
"Atwater / Greene","Le Sud-Ouest",45.480495,-73.577827
"Métro Crémazie (Crémazie / Lajeunesse)","Ahuntsic-Cartierville",45.546408,-73.638428
"Joseph-Manseau / René-Lévesque","Ville-Marie",45.491687,-73.576767
"City Councillors / du President-Kennedy","Ville-Marie",45.506251,-73.571391
"Lajeunesse / de Liège","Villeray - Saint-Michel - Parc-Extension",45.5455805,-73.6349
"de Monkland / Girouard","Côte-des-Neiges - Notre-Dame-de-Grâce",45.477107,-73.621438
"Ann / Wellington","Le Sud-Ouest",45.4945271,-73.5567525
"Métro Villa-Maria (de Monkland / Décarie)","Côte-des-Neiges - Notre-Dame-de-Grâce",45.4789684,-73.6195993
"Marquette / Villeray","Villeray - Saint-Michel - Parc-Extension",45.550684,-73.615293
"Georges-Vanier / Notre-Dame","Le Sud-Ouest",45.485048,-73.571963
"Clark / de Liège","Villeray - Saint-Michel - Parc-Extension",45.539984,-73.638135
"du Parc-La Fontaine / Roy","Le Plateau-Mont-Royal",45.522866,-73.568377
"Beaucourt / de la Côte-Ste-Catherine","Côte-des-Neiges - Notre-Dame-de-Grâce",45.491513,-73.633649
"Ste-Famille / Sherbrooke","Le Plateau-Mont-Royal",45.510072,-73.570752
"Roy / St-André","Le Plateau-Mont-Royal",45.521564,-73.570367
"de la Côte St-Antoine / Argyle","Westmount",45.486241,-73.5957277
"St-Mathieu / Ste-Catherine","Ville-Marie",45.49368,-73.579146
"Michelet / Jean-Talon","Saint-Léonard",45.5762911,-73.583529
"Louis-Hébert / Beaubien","Rosemont - La Petite-Patrie",45.548186,-73.59201
"de l'Eglise / St-Germain","Saint-Laurent",45.512559,-73.677011
"St-Catherine / St-Laurent","Ville-Marie",45.5099315,-73.5638067
"Métro Verdun (Willibrord / de Verdun)","Verdun",45.459488,-73.572092
"Fullum / Ontario","Ville-Marie",45.5303174,-73.5548669
"35e avenue / Beaubien","Rosemont - La Petite-Patrie",45.570081,-73.573047
"Augustin-Cantin / Shearer","Le Sud-Ouest",45.484018,-73.563437
"Henri-Julien / de Bellechasse","Rosemont - La Petite-Patrie",45.5295036,-73.6048646
"Marcil / Sherbrooke","Côte-des-Neiges - Notre-Dame-de-Grâce",45.471743,-73.613924
"Fortune / Wellington","Le Sud-Ouest",45.477923,-73.559038
"d'Orléans / Masson","Rosemont - La Petite-Patrie",45.557192,-73.569847
"Drummond / de Maisonneuve","Ville-Marie",45.49947,-73.57591
"de Rouen / Lespérance","Ville-Marie",45.5386271,-73.5528392
"des Érables / Rachel","Le Plateau-Mont-Royal",45.533547,-73.566867
"St-Urbain / de la Gauchetière","Ville-Marie",45.507078,-73.561395
"du Rosaire / St-Hubert","Villeray - Saint-Michel - Parc-Extension",45.544819,-73.62151
"41e avenue / Rosemont","Rosemont - La Petite-Patrie",45.57179,-73.564315
"Waverly / Van Horne","Le Plateau-Mont-Royal",45.527363,-73.607723
"10e avenue / Masson","Rosemont - La Petite-Patrie",45.550306,-73.573353
"Métro Jolicoeur (de Sève / Drake)","Le Sud-Ouest",45.4560855,-73.5819371
"de Chateaubriand / Jarry","Villeray - Saint-Michel - Parc-Extension",45.545955,-73.626992
"des Ormeaux / Notre-Dame","Mercier - Hochelaga-Maisonneuve",45.5992655,-73.5122607
"de la Cathédrale / René-Lévesque","Ville-Marie",45.499191,-73.569421
"Duvernay / Charlevoix","Le Sud-Ouest",45.482098,-73.574876
"de la Montagne/ Sherbrooke","Ville-Marie",45.4997438,-73.5789384
"Cartier / St-Joseph","Le Plateau-Mont-Royal",45.535828,-73.57869
"Hutchison/ Van Horne","Le Plateau-Mont-Royal",45.5249771,-73.6106864
"Ste-Catherine / St-Marc","Ville-Marie",45.492897,-73.580294
"Durocher / St-Viateur","Outremont",45.5207958,-73.6032707
"Bloomfield / Ball","Villeray - Saint-Michel - Parc-Extension",45.5299594,-73.632946
"Boyer / St-Zotique","Rosemont - La Petite-Patrie",45.53848,-73.60556
"St-André / Ontario","Ville-Marie",45.51889,-73.56353
"St-Jacques / St-Laurent","Ville-Marie",45.506421,-73.556466
"Valois / Ste-Catherine","Mercier - Hochelaga-Maisonneuve",45.54523,-73.53725
"Centre ÉPIC (St-Zotique / 40e avenue)","Rosemont - La Petite-Patrie",45.574147,-73.574621
"William / Robert-Bourassa","Le Sud-Ouest",45.497165,-73.55933
"Chabot / de Bellechasse","Rosemont - La Petite-Patrie",45.54257,-73.592144
"Mansfield / Ste-Catherine","Ville-Marie",45.5013987,-73.5717863
"St-Jacques / McGill","Ville-Marie",45.501441,-73.560144
"Alexandra / Jean-Talon","Rosemont - La Petite-Patrie",45.532331,-73.620187
"de Castelnau / Lajeunesse","Villeray - Saint-Michel - Parc-Extension",45.5403962,-73.6168179
"Ropery / Augustin-Cantin","Le Sud-Ouest",45.480914,-73.56846
"Hutchison / des Pins","Le Plateau-Mont-Royal",45.51069,-73.57805
"Louis-Hémon / Jean-Talon","Villeray - Saint-Michel - Parc-Extension",45.5517743,-73.6034784
"Ste-Catherine / Dezery","Mercier - Hochelaga-Maisonneuve",45.539385,-73.541
"Bourbonnière / du Mont-Royal","Rosemont - La Petite-Patrie",45.553571,-73.560494
"Sherbrooke / Vignal","Westmount",45.4898298,-73.5896777
"Ste-Famille / des Pins","Le Plateau-Mont-Royal",45.512832,-73.576888
"Du Quesne / Pierre-de-Coubertin","Mercier - Hochelaga-Maisonneuve",45.5750536,-73.5389322
"St-Hubert /de Maisonneuve","Ville-Marie",45.5161321,-73.5604969
"Duluth / de l'Esplanade","Le Plateau-Mont-Royal",45.515092,-73.581142
"Sherbrooke / Frontenac","Ville-Marie",45.5367,-73.56081
"Metcalfe / St-Catherine","Ville-Marie",45.500832,-73.572459
"Bloomfied / St-Viateur","Outremont",45.5191037,-73.6051905
"de la Commune / Place Jacques-Cartier","Ville-Marie",45.50761,-73.551836
"Mairie d'arrondissement LaSalle (Dupras / Jeannette)","LaSalle",45.429167,-73.6628097
"Métro Vendôme (de Marlowe / de Maisonneuve)","Côte-des-Neiges - Notre-Dame-de-Grâce",45.473868,-73.604538
"Parc de la Confédération (Fielding / West Hill)","Côte-des-Neiges - Notre-Dame-de-Grâce",45.471882,-73.6400217
"6e avenue / Bélanger","Rosemont - La Petite-Patrie",45.5545638,-73.5961568
"Maguire / St-Laurent","Le Plateau-Mont-Royal",45.524628,-73.595811
"Gordon / Wellington","Verdun",45.461078,-73.567307
"St-Ambroise / Louis-Cyr","Le Sud-Ouest",45.4751933,-73.5809433
"Gauthier / Papineau","Le Plateau-Mont-Royal",45.529666,-73.567336
"Plessis / Logan","Ville-Marie",45.5217675,-73.5571025
"19e avenue / St-Zotique","Rosemont - La Petite-Patrie",45.561594,-73.585643
"Bibliothèque d'Ahuntsic (Lajeunesse / Fleury)","Ahuntsic-Cartierville",45.5534001,-73.6622545
"de Gaspé / Fairmount","Le Plateau-Mont-Royal",45.525648,-73.592928
"Parc MacDonald (Clanranald / Isabella)","Côte-des-Neiges - Notre-Dame-de-Grâce",45.4826927,-73.6348128
"Christophe-Colomb / St-Joseph","Le Plateau-Mont-Royal",45.5303649,-73.5843927
"du Champ-de-Mars / Gosford","Ville-Marie",45.509655,-73.554009
"Faillon / St-Denis","Villeray - Saint-Michel - Parc-Extension",45.5398641,-73.6203128
"Boyer / Rosemont","Rosemont - La Petite-Patrie",45.534136,-73.595478
"Hamilton / Jolicoeur","Le Sud-Ouest",45.456355,-73.597557
"Drolet / Gounod","Villeray - Saint-Michel - Parc-Extension",45.540951,-73.626375
"Parc Lalancette (de Rouen/ Valois)","Mercier - Hochelaga-Maisonneuve",45.548145,-73.5471261
"Marquette / Rachel","Le Plateau-Mont-Royal",45.529802,-73.57029
"Hôpital général juif (de la Côte Ste-Catherine / Légaré)","Côte-des-Neiges - Notre-Dame-de-Grâce",45.496302,-73.629822
"Grey / Sherbrooke","Côte-des-Neiges - Notre-Dame-de-Grâce",45.4763443,-73.6062594
"Métro Laurier (Bibaud / Rivard)","Le Plateau-Mont-Royal",45.5278391,-73.5895747
"5e avenue / Bannantyne","Verdun",45.456365,-73.57614
"Louis-Hébert / de Bellechasse","Rosemont - La Petite-Patrie",45.546661,-73.588684
"Drolet / St-Zotique","Rosemont - La Petite-Patrie",45.534882,-73.609412
"de Soissons / de Darlington","Côte-des-Neiges - Notre-Dame-de-Grâce",45.506899,-73.623526
"St-Jacques / des Seigneurs","Le Sud-Ouest",45.489186,-73.5719
"de l'Esplanade / Fairmount","Le Plateau-Mont-Royal",45.521496,-73.596827
"O'Brien / Poirier","Saint-Laurent",45.52246,-73.691564
"Crescent / René-Lévesque","Ville-Marie",45.4959617,-73.5732535
"de la Roche /  de Bellechasse","Rosemont - La Petite-Patrie",45.537159,-73.597476
"Boyer / Jean-Talon","Rosemont - La Petite-Patrie",45.541586,-73.612481
"Parc Chopin (Dumouchel / Tessier)","Laval",45.5707266,-73.737086
"Victoria / de Maisonneuve","Westmount",45.477429,-73.600169
"Jardin Botanique (Pie-IX / Sherbrooke)","Rosemont - La Petite-Patrie",45.554947,-73.555295
"Molson / William-Tremblay","Rosemont - La Petite-Patrie",45.5415485,-73.5650124
"St-Antoine / de la Montagne","Ville-Marie",45.4953717,-73.5685891
"Ste-Émilie / St-Rémi","Le Sud-Ouest",45.4697664,-73.5892588
"Gauthier / Parthenais","Le Plateau-Mont-Royal",45.532926,-73.56378
"LaSalle / Godin","Verdun",45.446934,-73.572199
"Parc Kent (de Kent / Hudson)","Côte-des-Neiges - Notre-Dame-de-Grâce",45.505721,-73.629459
"Drummond / Ste-Catherine","Ville-Marie",45.498639,-73.574227
"Métro Frontenac (Ontario / du Havre)","Ville-Marie",45.533706,-73.552179
"de Bullion / St-Joseph","Le Plateau-Mont-Royal",45.524037,-73.590143
"Wolfe / de la Gauchetière","Ville-Marie",45.5162224,-73.5529733
"Atateken / du Square Amherst","Ville-Marie",45.5206338,-73.563906
"Quesnel / Vinet","Le Sud-Ouest",45.485889,-73.577514
"Union / René-Lévesque","Ville-Marie",45.50235,-73.566583
"de Mentana / Gilford","Le Plateau-Mont-Royal",45.528724,-73.583859
"Métro Acadie (de l'Acadie / Beaumont)","Villeray - Saint-Michel - Parc-Extension",45.523575,-73.623443
"Egan / Laurendeau","Le Sud-Ouest",45.4528579,-73.5892488
"Union / Ste-Catherine","Ville-Marie",45.5040272,-73.5697022
"Métro Université de Montréal (Édouard-Montpetit / Louis-Collin)","Côte-des-Neiges - Notre-Dame-de-Grâce",45.50367,-73.61848
"St-Zotique / Clark","Rosemont - La Petite-Patrie",45.531401,-73.612674
"de Grosbois / Duchesneau","Mercier - Hochelaga-Maisonneuve",45.6112307,-73.5312416
"Duluth / St-Denis","Le Plateau-Mont-Royal",45.5205975,-73.5759705
"Gerry-Boulet / St-Grégoire","Le Plateau-Mont-Royal",45.533735,-73.589307
"des Érables / Dandurand","Rosemont - La Petite-Patrie",45.5413694,-73.583974
"Métro Lucien-L'Allier  (Lucien l'Allier / Argyle)","Ville-Marie",45.494872,-73.571124
"Jacques-Le Ber / de la Pointe Nord","Verdun",45.472503,-73.539285
"André-Laurendeau / Rachel","Rosemont - La Petite-Patrie",45.5428981,-73.561846
"5e avenue / Rosemont","Rosemont - La Petite-Patrie",45.5499,-73.583084
"Charlevoix / Lionel-Groulx","Le Sud-Ouest",45.483928,-73.577312
"Lapierre / Serge","LaSalle",45.4385441,-73.6202163
"Parc Père-Marquette (de Lanaudière / de Bellechasse)","Rosemont - La Petite-Patrie",45.539324,-73.5958784
"Métro de Castelnau (de Castelnau / St-Laurent)","Villeray - Saint-Michel - Parc-Extension",45.5357088,-73.6196235
"Métro Longueuil - Université de Sherbrooke","Longueuil",45.523319,-73.520127
"Chabot / du Mont-Royal","Le Plateau-Mont-Royal",45.534185,-73.573589
"Wolfe / Robin","Ville-Marie",45.519581,-73.560116
"St-Dominique / du Mont-Royal","Le Plateau-Mont-Royal",45.5205595,-73.5858203
"5e avenue / Masson","Rosemont - La Petite-Patrie",45.5475583,-73.5754719
"Parc Jean-Drapeau (Chemin Macdonald)","Ville-Marie",45.5128006,-73.5311159
"Hôpital Sacré-Coeur (Forbes)","Ahuntsic-Cartierville",45.5319436,-73.7136054
"Jeanne-d'Arc / Ontario","Mercier - Hochelaga-Maisonneuve",45.549598,-73.541874
"Parc Henri-Julien (Legendre / Henri-Julien)","Ahuntsic-Cartierville",45.5460356,-73.6465985
"Cégep André-Laurendeau (Lapierre)","LaSalle",45.4360551,-73.6057752
"Laval / Rachel","Le Plateau-Mont-Royal",45.520179,-73.579424
"Des Érables / Villeray","Villeray - Saint-Michel - Parc-Extension",45.5539483,-73.6115748
"15e avenue / Masson","Rosemont - La Petite-Patrie",45.553898,-73.571387
"Cartier / Bélanger","Rosemont - La Petite-Patrie",45.546797,-73.602664
"Clark / Ontario","Ville-Marie",45.5106246,-73.5669033
"Parc Ludger-Duvernay (St-André / St-Hubert)","Le Plateau-Mont-Royal",45.5314746,-73.5924205
"Natatorium (LaSalle / Rolland)","Verdun",45.444547,-73.575091
"Lincoln / du Fort","Ville-Marie",45.493034,-73.583836
"Atwater / Sherbrooke","Ville-Marie",45.491226,-73.58763
"Plessis / René-Lévesque","Ville-Marie",45.519373,-73.551958
"Place du Canada (Peel / de la Gauchetière)","Ville-Marie",45.4984678,-73.5684335
"Ontario / Viau","Mercier - Hochelaga-Maisonneuve",45.559482,-73.535496
"de Hampton / de Monkland","Côte-des-Neiges - Notre-Dame-de-Grâce",45.471179,-73.627002
"de Gaspé / Dante","Rosemont - La Petite-Patrie",45.534298,-73.612172
"Drolet / Marie-Anne","Le Plateau-Mont-Royal",45.5224026,-73.5811767
"de Lanaudière / Laurier","Le Plateau-Mont-Royal",45.533314,-73.583737
"Guizot / St-Denis","Villeray - Saint-Michel - Parc-Extension",45.543424,-73.632462
"Gilford / de Brébeuf","Le Plateau-Mont-Royal",45.530816,-73.581626
"Métro Préfontaine (Moreau / Hochelaga)","Mercier - Hochelaga-Maisonneuve",45.54178,-73.555714
"Kirkfield / de Chambois","Côte-des-Neiges - Notre-Dame-de-Grâce",45.5129332,-73.6338902
"Gagne / LaSalle","LaSalle",45.422451,-73.601194
"LaSalle / 80e","LaSalle",45.4157687,-73.6379242
"Guizot / St-Laurent","Villeray - Saint-Michel - Parc-Extension",45.539663,-73.634475
"Fabre / Beaubien","Rosemont - La Petite-Patrie",45.54206,-73.597873
"Métro Georges-Vanier (St-Antoine / Canning)","Le Sud-Ouest",45.4891,-73.57656
"St-André / St-Antoine","Ville-Marie",45.514114,-73.552645
"Chabot / Villeray","Villeray - Saint-Michel - Parc-Extension",45.5522894,-73.6130065
"de Maisonneuve / Greene","Westmount",45.486971,-73.589293
"St-Nicolas / Place d'Youville","Ville-Marie",45.501967,-73.555153
"Poupart / Ste-Catherine","Ville-Marie",45.529002,-73.546199
"Hutchison / Beaubien","Rosemont - La Petite-Patrie",45.526058,-73.612969
"Campus MIL (Outremont / Thérèse-Lavoie Roux)","Outremont",45.5231722,-73.6180971
"Marquette / Gilford","Le Plateau-Mont-Royal",45.5338507,-73.5789116
"de Laprairie / Centre","Le Sud-Ouest",45.4813667,-73.5643189
"de Maisonneuve / Aylmer (est)","Ville-Marie",45.505386,-73.570432
"Benny / Sherbrooke","Côte-des-Neiges - Notre-Dame-de-Grâce",45.464877,-73.626597
"Papineau / René-Lévesque","Ville-Marie",45.52114,-73.54926
"Parc de Beauséjour (Gouin / Henri-d'Arles)","Ahuntsic-Cartierville",45.526765,-73.730423
"Grand Trunk / d'Hibernia","Le Sud-Ouest",45.47968,-73.56385
"Parc St-Gabriel (Grand Trunk / Ropery)","Le Sud-Ouest",45.47855,-73.56572
"Léa-Roback / Sir-Georges-Etienne-Cartier","Le Sud-Ouest",45.471669,-73.582644
"McKenna / Édouard-Montpetit","Côte-des-Neiges - Notre-Dame-de-Grâce",45.5011651,-73.6205475
"LaSalle / Crawford","Verdun",45.437914,-73.58274
"Parc de Dieppe","Ville-Marie",45.5018635,-73.543961
"d'Orléans / Hochelaga","Mercier - Hochelaga-Maisonneuve",45.550768,-73.549427
"Parthenais / Ste-Catherine","Ville-Marie",45.526006,-73.548864
"Bloomfield / Bernard","Outremont",45.520688,-73.608428
"Métro Honoré-Beaugrand (Sherbrooke / Honoré-Beaugrand)","Mercier - Hochelaga-Maisonneuve",45.596797,-73.535179
"Hélène-Baillargeon / St-Denis","Le Plateau-Mont-Royal",45.52974,-73.59527
"Hillside / Ste-Catherine","Westmount",45.482826,-73.590843
"Tupper / du Fort","Ville-Marie",45.49123,-73.580782
"Aréna Chaumont (Chaumont / des Ormeaux)","Anjou",45.6109266,-73.5467345
"Centre des loisirs (Tassé / Grenet)","Saint-Laurent",45.5147343,-73.691449
"de l'Hôtel-de-Ville / Ste-Catherine","Ville-Marie",45.51166,-73.562136
"Beurling / Godin","Verdun",45.4479158,-73.5838187
"Drummond / Sherbrooke","Ville-Marie",45.5003924,-73.578168
"Place Longueuil","Longueuil",45.52841,-73.517166
"de Bordeaux / Gilford","Le Plateau-Mont-Royal",45.53611,-73.576287
"de Gaspé / de Liège","Villeray - Saint-Michel - Parc-Extension",45.542485,-73.636342
"Monk / Biencourt","Le Sud-Ouest",45.4586632,-73.5960227
"Davaar / de la Côte-Ste-Catherine","Outremont",45.514379,-73.610871
"Sanguinet / de Maisonneuve","Ville-Marie",45.513405,-73.562594
"Chapleau / du Mont-Royal","Le Plateau-Mont-Royal",45.53867,-73.56936
"Hogan / Ontario","Ville-Marie",45.535295,-73.55116
"Rivier / Davidson","Rosemont - La Petite-Patrie",45.5461147,-73.5570931
"Chambord/ Beaubien","Rosemont - La Petite-Patrie",45.5399002,-73.5993621
"8e avenue / Everett","Villeray - Saint-Michel - Parc-Extension",45.5648113,-73.5958041
"Resther / du Mont-Royal","Le Plateau-Mont-Royal",45.525628,-73.581775
"Rachel / de Brébeuf","Le Plateau-Mont-Royal",45.52689,-73.57264
"de Gaspé / Jarry","Villeray - Saint-Michel - Parc-Extension",45.54078,-73.630401
"Durocher / Bernard","Outremont",45.522225,-73.606687
"Louis-Hébert / Bélanger","Villeray - Saint-Michel - Parc-Extension",45.551585,-73.599165
"Larivière / de Lorimier","Ville-Marie",45.529134,-73.559234
"St-Hubert / Duluth","Le Plateau-Mont-Royal",45.522426,-73.574184
"LaSalle / 90e avenue","LaSalle",45.417294,-73.6443
"12e avenue / St-Zotique","Rosemont - La Petite-Patrie",45.556867,-73.589307
"Métro Angrignon (Lamont /  des Trinitaires)","Le Sud-Ouest",45.44691,-73.60363
"Basile-Routhier / Chabanel","Ahuntsic-Cartierville",45.549868,-73.647657
"Ste-Catherine / Union","Ville-Marie",45.5036663,-73.5695761
"Logan / Fullum","Ville-Marie",45.528366,-73.551171
"Hôpital Maisonneuve-Rosemont (Rosemont / Chatelain)","Rosemont - La Petite-Patrie",45.575707,-73.561562
"Henri-Julien / du Carmel","Le Plateau-Mont-Royal",45.527839,-73.594821
"Cypress / Peel","Ville-Marie",45.499325,-73.571768
"Logan / de Champlain","Ville-Marie",45.523194,-73.555843
"Fullum / Terrasse Mercure","Le Plateau-Mont-Royal",45.5354834,-73.5659391
"St-Joseph / 21e avenue Lachine","Lachine",45.4335565,-73.6840434
"Omer-Lavallée / du Midway","Rosemont - La Petite-Patrie",45.545776,-73.562175
"de St-Vallier / St-Zotique","Rosemont - La Petite-Patrie",45.536261,-73.607546
"Lacombe / Victoria","Côte-des-Neiges - Notre-Dame-de-Grâce",45.490628,-73.628878
"Poupart / Ontario","Ville-Marie",45.531939,-73.553439
"Wurtele / de Rouen","Ville-Marie",45.537628,-73.553394
"Drolet / Jarry","Villeray - Saint-Michel - Parc-Extension",45.541955,-73.629942
"Victoria / 18e avenue Lachine","Lachine",45.435996,-73.680111
"Leman / de Chateaubriand","Villeray - Saint-Michel - Parc-Extension",45.547218,-73.631103
"Chambord / de Castelnau","Villeray - Saint-Michel - Parc-Extension",45.5453692,-73.6117625
"Rose-de-Lima / Workman","Le Sud-Ouest",45.4802642,-73.5809936
"Ontario / Sicard","Mercier - Hochelaga-Maisonneuve",45.556262,-73.537441
"1ère  avenue / St-Zotique","Rosemont - La Petite-Patrie",45.551937,-73.593928
"St-Maurice / Robert-Bourassa","Ville-Marie",45.498578,-73.560242
"des Jockeys / Décarie","Côte-des-Neiges - Notre-Dame-de-Grâce",45.4940443,-73.6544949
"Collège Édouard-Montpetit (de Gentilly / de Normandie)","Longueuil",45.537226,-73.495067
"Métro Langelier (Langelier / Sherbrooke)","Mercier - Hochelaga-Maisonneuve",45.582847,-73.542476
"Beatty / de Verdun","Verdun",45.45073,-73.572575
"Chabanel / du Parc","Ahuntsic-Cartierville",45.538308,-73.654884
"Lionel-Groulx / George-Vanier","Le Sud-Ouest",45.486219,-73.573747
"Regina / de Verdun","Verdun",45.467369,-73.570769
"Parc Wilfrid-Bastien (Lacordaire / des Galets)","Saint-Léonard",45.5864002,-73.5952181
"Drolet / Beaubien","Rosemont - La Petite-Patrie",45.533348,-73.605834
"Graham / Wicksteed","Mont-Royal",45.5169365,-73.640483
"Alfred Laliberté / de Poutrincourt","Ahuntsic-Cartierville",45.53308,-73.694597
"Bibliothèque du Boisé (Thimens / Todd)","Saint-Laurent",45.504635,-73.704432
"Métro Henri-Bourassa (Henri-Bourassa / Millen)","Ahuntsic-Cartierville",45.556751,-73.667162
"Ateliers municipaux de St-Laurent (Cavendish / Poirier)","Saint-Laurent",45.5061758,-73.7111861
"Fabrik8 (Waverly / Jean-Talon)","Villeray - Saint-Michel - Parc-Extension",45.5333073,-73.6208224
"de l'Hôtel-de-Ville / Ontario","Ville-Marie",45.5135916,-73.5662556
"Jeanne-Mance / Beaubien","Rosemont - La Petite-Patrie",45.52765,-73.6123
"Glengarry / Graham","Mont-Royal",45.50919,-73.6603206
"Parc nature de l'Île-de-la-Visitation (Gouin / de Bruchési)","Ahuntsic-Cartierville",45.5783318,-73.655954
"Rosemont / Viau","Rosemont - La Petite-Patrie",45.56833,-73.566663
"Cartier / Dandurand","Rosemont - La Petite-Patrie",45.539236,-73.585946
"McLynn / Plamondon","Côte-des-Neiges - Notre-Dame-de-Grâce",45.4891131,-73.6470129
"Parc du Bois-Franc (de l'Équateur / des Andes)","Saint-Laurent",45.5131776,-73.7130609
"7e avenue / St-Joseph Rosemont","Rosemont - La Petite-Patrie",45.547108,-73.569367
"Garnier / St-Joseph","Le Plateau-Mont-Royal",45.532978,-73.581222
"St-Charles / Grant","Longueuil",45.539824,-73.508752
"Notre-Dame / St-Gabriel","Ville-Marie",45.507144,-73.555119
"Villeneuve / du Parc","Le Plateau-Mont-Royal",45.51829,-73.59235
"de l'Église / de Verdun","Verdun",45.463001,-73.571569
"Hickson / Wellington","Verdun",45.464892,-73.566998
"Parc des Hirondelles (Fleury / André-Jobin)","Ahuntsic-Cartierville",45.5760003,-73.6467648
"Hôpital Santa Cabrini (St-Zotique / Jeanne-Jugan)","Rosemont - La Petite-Patrie",45.579325,-73.570504
"Métro St-Michel (Shaughnessy / St-Michel)","Villeray - Saint-Michel - Parc-Extension",45.559199,-73.599658
"de la Roche / Everett","Villeray - Saint-Michel - Parc-Extension",45.544867,-73.614841
"Métro Champ-de-Mars (Viger / Sanguinet)","Ville-Marie",45.510351,-73.556508
"St-Jacques / St-Pierre","Ville-Marie",45.502786,-73.559134
"Letourneux / Hochelaga","Mercier - Hochelaga-Maisonneuve",45.5546589,-73.546603
"Graham / Brookfield","Mont-Royal",45.520222,-73.629856
"Berlioz / de l'Île des Soeurs","Verdun",45.459986,-73.543956
"Argyle / Bannantyne","Verdun",45.453319,-73.576775
"Graham / Kindersley","Mont-Royal",45.51405,-73.6472556
"de Normanville / Villeray","Villeray - Saint-Michel - Parc-Extension",45.54717,-73.618041
"Hamel / Sauvé","Ahuntsic-Cartierville",45.560762,-73.650561
"Letourneux / Ste-Catherine","Mercier - Hochelaga-Maisonneuve",45.5507836,-73.5341
"29e avenue / St-Zotique","Rosemont - La Petite-Patrie",45.567766,-73.579688
"St-Dominique / Jean-Talon","Villeray - Saint-Michel - Parc-Extension",45.535248,-73.617564
"Bloomfield / Van Horne","Outremont",45.522586,-73.612658
"Robin / 15e rue","Laval",45.5594955,-73.6989176
"Cartier / Rosemont","Rosemont - La Petite-Patrie",45.541247,-73.591044
"Chabanel / de l'Esplanade","Ahuntsic-Cartierville",45.540686,-73.653376
"de Mentana / Marie-Anne","Le Plateau-Mont-Royal",45.526027,-73.577859
"de Gaspé / Villeray","Villeray - Saint-Michel - Parc-Extension",45.5388872,-73.623907
"de Bordeaux / Jean-Talon","Villeray - Saint-Michel - Parc-Extension",45.549755,-73.605566
"de Bellechasse / de St-Vallier","Rosemont - La Petite-Patrie",45.53341,-73.601124
"Parc Benny (Benny / de Monkland)","Côte-des-Neiges - Notre-Dame-de-Grâce",45.4669357,-73.6315311
"St-Hubert / St-Joseph","Le Plateau-Mont-Royal",45.5280879,-73.5858625
"Dorion / Rachel","Le Plateau-Mont-Royal",45.531634,-73.5682458
"Parc Georges St-Pierre (Oxford / Upper Lachine)","Côte-des-Neiges - Notre-Dame-de-Grâce",45.4689119,-73.6095089
"Lusignan / St-Jacques","Ville-Marie",45.492222,-73.569348
"Shearer / Centre","Le Sud-Ouest",45.483006,-73.562187
"Bennett / Adam","Mercier - Hochelaga-Maisonneuve",45.5536514,-73.5341495
"Parc Tino-Rossi (18e avenue / Everett)","Villeray - Saint-Michel - Parc-Extension",45.5648113,-73.5958041
"Legrand / Cartier","Laval",45.552298,-73.7073827
"Parc Chamberland (Dorais / de l'Église)","Saint-Laurent",45.502989,-73.689113
"Place du Village (St-Jean-Baptiste / Notre-Dame)","Rivière-des-Prairies - Pointe-aux-Trembles",45.6400029,-73.490113
"Fabre / St-Zotique","Rosemont - La Petite-Patrie",45.543452,-73.60101
"Hochelaga / Chapleau","Ville-Marie",45.534453,-73.559652
"Bourgeoys / Favard","Le Sud-Ouest",45.47993,-73.555921
"des Récollets / McGill","Ville-Marie",45.5008765,-73.5590056
"Parc Félix-Leclerc (François-Boivin / St-Zotique)","Mercier - Hochelaga-Maisonneuve",45.591455,-73.5627553
"de la Peltrie / de la Côte-des-Neiges","Côte-des-Neiges - Notre-Dame-de-Grâce",45.4997974,-73.6301753
"Cité des Arts du Cirque (Paul Boutet / des Regrattiers)","Villeray - Saint-Michel - Parc-Extension",45.559872,-73.615541
"Monsabré / Boileau","Mercier - Hochelaga-Maisonneuve",45.5717982,-73.5415497
"Wilderton  / Van Horne","Côte-des-Neiges - Notre-Dame-de-Grâce",45.510142,-73.624752
"des Érables / Bélanger","Rosemont - La Petite-Patrie",45.549121,-73.600874
"de Gaspé / Marmier","Rosemont - La Petite-Patrie",45.529686,-73.601728
"Métro Plamondon (de Kent / Victoria)","Côte-des-Neiges - Notre-Dame-de-Grâce",45.494564,-73.638702
"de Ville-Marie / Ste-Catherine","Mercier - Hochelaga-Maisonneuve",45.557921,-73.529147
"Parc St-Louis (St-Joseph / 34e avenue)","Lachine",45.4328398,-73.6934915
"Parc Ivan-Franko (33e avenue / Victoria)","Lachine",45.43746,-73.6935318
"Papineau / Émile-Journault","Villeray - Saint-Michel - Parc-Extension",45.559884,-73.633568
"Stinson / Montpellier","Saint-Laurent",45.5040143,-73.7044269
"St-Marc / Sherbrooke","Ville-Marie",45.494514,-73.583368
"Canning / Notre-Dame","Le Sud-Ouest",45.486319,-73.570233
"Sabrevois / des Récollets","Montréal-Nord",45.5832879,-73.6327636
"Gilford / des Érables","Le Plateau-Mont-Royal",45.5375266,-73.5751244
"Duchesneau / de Marseille","Mercier - Hochelaga-Maisonneuve",45.6096263,-73.522739
"CIUSSS (du Trianon / Pierre-de-Coubertin)","Mercier - Hochelaga-Maisonneuve",45.587531,-73.531907
"Parc Pratt (Dunlop / Van Horne)","Outremont",45.515007,-73.619788
"Lucien L'Allier / St-Jacques","Ville-Marie",45.493569,-73.568576
"HEC (Decelles / Jean-Brillant)","Côte-des-Neiges - Notre-Dame-de-Grâce",45.4977228,-73.6192533
"Parc Stoney-Point (St-Joseph / 47e avenue)","Lachine",45.4365683,-73.7083697
"Pierre-de-Coubertin / Langelier","Mercier - Hochelaga-Maisonneuve",45.580315,-73.535314
"Metcalfe / du Square-Dorchester","Ville-Marie",45.500208,-73.571138
"Parc Van Horne (de la Peltrie / de Westbury)","Côte-des-Neiges - Notre-Dame-de-Grâce",45.4904723,-73.6385324
"Guy / Notre-Dame","Le Sud-Ouest",45.490042,-73.567111
"Rousselot / Jarry","Villeray - Saint-Michel - Parc-Extension",45.550899,-73.62108
"Waverly / St-Zotique","Rosemont - La Petite-Patrie",45.530505,-73.614708
"des Soeurs-Grises / Marguerite-d'Youville","Ville-Marie",45.4987648,-73.5544766
"Gare Bois-de-Boulogne","Ahuntsic-Cartierville",45.539726,-73.677165
"de Côme / Jean-Talon","Saint-Léonard",45.588303,-73.5778372
"Parc Luigi-Pirandello (de Bretagne / Jean-Rivard)","Saint-Léonard",45.5794057,-73.6025888
"Émile-Journault / de Chateaubriand","Ahuntsic-Cartierville",45.549833,-73.640633
"Paré / Mountain Sights","Côte-des-Neiges - Notre-Dame-de-Grâce",45.4981,-73.652942
"St-Jean-Baptiste / René-Lévesque","Rivière-des-Prairies - Pointe-aux-Trembles",45.641557,-73.500375
"LaSalle / 37e avenue","LaSalle",45.4163102,-73.6129159
"8e avenue / Notre-Dame Lachine","Lachine",45.434898,-73.670819
"Chambord / Fleury","Ahuntsic-Cartierville",45.559828,-73.658325
"Dubois / Eadie","Le Sud-Ouest",45.457597,-73.590529
"Thimens / Alexis-Nihon","Saint-Laurent",45.508978,-73.698564
"Messier / St-Joseph","Le Plateau-Mont-Royal",45.5394606,-73.5760564
"Bercy / Rachel","Le Plateau-Mont-Royal",45.538403,-73.561964
"Parc Joyce (Rockland / Lajoie)","Outremont",45.515617,-73.614991
"du Tricentenaire / Prince-Albert","Rivière-des-Prairies - Pointe-aux-Trembles",45.649546,-73.491916
"McCulloch / de la Côte Ste-Catherine","Outremont",45.5157751,-73.6006093
"Parc Ottawa (de Belleville / Fleury)","Montréal-Nord",45.58116,-73.6412434
"Argyle / de Verdun","Verdun",45.453016,-73.571915
"Francis / Fleury","Ahuntsic-Cartierville",45.563872,-73.655568
"Durocher / Beaumont","Villeray - Saint-Michel - Parc-Extension",45.5280002,-73.6192358
"Duke / Brennan","Ville-Marie",45.495581,-73.553711
"Parc Maurice Bélanger (Hebert / Forest)","Montréal-Nord",45.5880822,-73.6322231
"Métro du Collège (Cartier / Décarie)","Saint-Laurent",45.508439,-73.672965
"de Gaspé / St-Viateur","Le Plateau-Mont-Royal",45.527748,-73.597439
"Villeray / St-Michel","Villeray - Saint-Michel - Parc-Extension",45.561059,-73.603967
"Gauthier / de Lorimier","Le Plateau-Mont-Royal",45.531674,-73.565413
"Beaudet / Marcel-Laurin","Saint-Laurent",45.506843,-73.681757
"Mairie d'arrondissement Montréal-Nord (Hébert / de Charleroi)","Montréal-Nord",45.593985,-73.6376721
"Sainte-Catherine / Parthenais","Ville-Marie",45.5262351,-73.54895
"Northcliffe / Notre-Dame-de-Grâce","Côte-des-Neiges - Notre-Dame-de-Grâce",45.477802,-73.6150128
"Métro Cartier","Laval",45.56003,-73.681336
"Parc Villeray (Christophe-Colomb / Jarry)","Villeray - Saint-Michel - Parc-Extension",45.5480925,-73.624261
"Métro de la Savane (de Sorel / Bougainville)","Côte-des-Neiges - Notre-Dame-de-Grâce",45.500451,-73.661428
"Ryde / Charlevoix","Le Sud-Ouest",45.475743,-73.564601
"Bélanger / des Galeries d'Anjou","Anjou",45.597221,-73.56279
"Champdoré / de Lorimier","Villeray - Saint-Michel - Parc-Extension",45.5668693,-73.6410168
"Liébert / Hochelaga","Mercier - Hochelaga-Maisonneuve",45.595875,-73.523528
"Bel Air / St-Antoine","Le Sud-Ouest",45.482778,-73.584621
"Ottawa / William","Le Sud-Ouest",45.489727,-73.564063
"Ste-Claire / Pierre-Tétreault","Mercier - Hochelaga-Maisonneuve",45.6019133,-73.5244185
"Travaux publics LaSalle (Cordner / Léger)","LaSalle",45.4452719,-73.6244836
"Parc Grovehill (St-Antoine / Ivan-Franko)","Lachine",45.4398238,-73.6948782
"de Lisieux / Jean-Talon","Saint-Léonard",45.579349,-73.581681
"du Souvenir / Chomedey","Laval",45.551886,-73.74444
"Parc LaSalle (10e avenue / Victoria)","Lachine",45.4380555,-73.6727393
"Parc Champdoré (Champdoré / de Lille)","Villeray - Saint-Michel - Parc-Extension",45.5691762,-73.6362934
"Mozart / Waverly","Rosemont - La Petite-Patrie",45.5315651,-73.6169464
"Péloquin / Fleury","Ahuntsic-Cartierville",45.5570222,-73.6599016
"Parc Ferland (Belleherbe / Albanel)","Saint-Léonard",45.595768,-73.5953039
"Marquette / Fleury","Ahuntsic-Cartierville",45.567352,-73.653787
"Bibliothèque Jean-Corbeil (Goncourt / Place Montrichard)","Anjou",45.6027276,-73.5579303
"2e avenue /centrale","LaSalle",45.4328946,-73.5968569
"Cégep Marie-Victorin","Rivière-des-Prairies - Pointe-aux-Trembles",45.6174998,-73.6060113
"Wellington / 2e avenue","Verdun",45.4575911,-73.5675594
"St-Charles / Montarville","Longueuil",45.533682,-73.515261
"Wellington / Hickson","Verdun",45.4650577,-73.5667753
"Métro Laurier (Rivard / Laurier)","Le Plateau-Mont-Royal",45.527616,-73.589115
"Bishop / de Maisonneuve","Ville-Marie",45.4973855,-73.5779393
"de Mentana / St-Joseph","Le Plateau-Mont-Royal",45.529107,-73.584803
"Alton-Goldbloom / Notre-Dame","Laval",45.545026,-73.7378767
"Henri-Julien / Duluth","Le Plateau-Mont-Royal",45.5197013,-73.5766625
"St-Hubert / de Maisonneuve (sud)","Ville-Marie",45.5158684,-73.5600838
"St-Denis / Ste-Catherine","Ville-Marie",45.5137229,-73.5603105
"Complexe sportif Claude Robillard (Émile-Journault)","Ahuntsic-Cartierville",45.5529855,-73.6386477
"Wellington / Gordon","Verdun",45.4611038,-73.5672373
"CÉGEP du Vieux-Montréal (Ontario / de l'Hôtel-de-Ville)","Ville-Marie",45.5140122,-73.5659867
"Parc Delorme (Malouin / Laferté)","Saint-Léonard",45.5904902,-73.5902694
"des Récollets / Martial","Montréal-Nord",45.590892,-73.640617
"Parc Henri-Dunant (Léger / Henri-Dunant)","Laval",45.5684396,-73.6752021
"Gare St-Michel / Montréal-Nord (Pie-IX / 56e)","Montréal-Nord",45.5831978,-73.629787
"Parc Beaulac (rue Élizabeth)","Saint-Laurent",45.5200557,-73.6779515
"Bossuet / Sherbrooke","Mercier - Hochelaga-Maisonneuve",45.576113,-73.5469437
"Parc Reine-Élizabeth (Penniston / Crawford)","Verdun",45.4391447,-73.5917366
"Parc Aimé-Léonard (Gouin / Ste-Gertrude)","Montréal-Nord",45.6083582,-73.6385062
"St-Rémi / Ste Émilie","Le Sud-Ouest",45.4697664,-73.5892588
"des Ormeaux / de Grosbois","Mercier - Hochelaga-Maisonneuve",45.6059017,-73.5343695
"IUSMM (Georges-Villeneuve)","Mercier - Hochelaga-Maisonneuve",45.5865659,-73.5293725
"Parc Hébert (Colbert / Provencher)","Saint-Léonard",45.5723781,-73.5937046
"de Versailles / St-Jacques","Ville-Marie",45.4927744,-73.5688573
"Bélanger / St-Laurent","Rosemont - La Petite-Patrie",45.5331335,-73.6147285
"Parc Charleroi (Alfred / Louis-Francoeur)","Montréal-Nord",45.5995347,-73.6236025
"Laforest / Dudemaine","Ahuntsic-Cartierville",45.539806,-73.687266
"Parc du Mail (Bois de Coulonges / du Mail)","Anjou",45.598335,-73.5459673
"Métro de la Concorde (Léo-Lacombe)","Laval",45.5604899,-73.7091851
"Parc Marlborough (Beauzèle / Robichaud)","Saint-Laurent",45.5223415,-73.7216789
"Parc Noel-Nord (Toupin / Keller)","Saint-Laurent",45.5175831,-73.7266141
"Parc Garibaldi (Liénart / Bélanger)","Saint-Léonard",45.5864765,-73.5703969
"Parc Kirkland (des Érables / Boyer)","Lachine",45.4460609,-73.6507995
"19e avenue / St-Antoine","Lachine",45.4397787,-73.6813706
"Parc Highlands (Highlands / LaSalle)","LaSalle",45.426124,-73.657416
"Parc Summerlea (53e avenue / St-Joseph)","Lachine",45.4383671,-73.7154669
"Parc St-Claude (7e avenue / 8e rue)","Laval",45.562668,-73.692362
"Ste-Croix / Tassé","Saint-Laurent",45.519492,-73.685104
"Langelier / Marie-Victorin","Montréal-Nord",45.6145192,-73.6122447
"St-Joseph Lachine / 21e avenue","Lachine",45.4335212,-73.6835432
"St-Charles / Labonté","Longueuil",45.535266,-73.51398
"Mairie d'arrondissement St-Laurent (Beaudet / Marcel-Laurin)","Saint-Laurent",45.5068242,-73.681848
"Parc Courbertin (Valéry / Perrier)","Saint-Léonard",45.5839877,-73.6080933
"Parc Eusèbe-Ménard (Gouin / St-Vital)","Montréal-Nord",45.5925395,-73.6487482
"Duluth  / St-Denis","Le Plateau-Mont-Royal",45.5208024,-73.5757989
"University / des Pins","Ville-Marie",45.508203,-73.580112
"Bordeaux / Mont-Royal","Le Plateau-Mont-Royal",45.5345836,-73.5731596
"de Maisonneuve / Mansfield SE","Ville-Marie",45.5022935,-73.5733064
"Guy / Sainte-Catherine","Ville-Marie",45.4949751,-73.5777704
"Parc Jeanne-Mance (monument à sir George-Étienne Cartier)","Le Plateau-Mont-Royal",45.5148664,-73.5847586
"Métro Laurier (Berri / Laurier)","Le Plateau-Mont-Royal",45.5275891,-73.5890758
"Montmorency / Richardson","Le Sud-Ouest",45.4851133,-73.5604384
"Montcalm / de Maisonneuve","Ville-Marie",45.519139,-73.557866
"Square Viger (Berri / Viger)","Ville-Marie",45.5122121,-73.5546289
"de l'Hôtel-de-Ville / Villeneuve","Le Plateau-Mont-Royal",45.5234808,-73.5873276
"St-Laurent / St-Jacques","Ville-Marie",45.5064957,-73.556494
"Collège de Rosemont (15e avenue / Beaubien)","Rosemont - La Petite-Patrie",45.5577499,-73.5838012
"Ste-Catherine / Sanguinet","Ville-Marie",45.5128938,-73.5612479
"Dixie / 54e avenue","Lachine",45.4433803,-73.7178916
"Mozart / Casgrain","Rosemont - La Petite-Patrie",45.5347253,-73.6145206
"Stanley / Sherbrooke","Ville-Marie",45.501041,-73.577178
"Parc d'Antioche ( Place d'Antioche / St-Zotique)","Anjou",45.5953519,-73.5586762
"Eleanor / Ottawa","Le Sud-Ouest",45.4924627,-73.5607839
"Louis-Hémon / Villeray","Villeray - Saint-Michel - Parc-Extension",45.554961,-73.610737
"Sanguinet / Ontario","Ville-Marie",45.514767,-73.565491
"Alexis-Nihon / St-Louis","Saint-Laurent",45.5003388,-73.6826205
"Parc Turin (Chambord / Jean-Talon)","Villeray - Saint-Michel - Parc-Extension",45.5446806,-73.6101606
"Notre-Dame-de-Grâce / Décarie","Côte-des-Neiges - Notre-Dame-de-Grâce",45.477353,-73.615372
"St-Charles / St-Sylvestre","Longueuil",45.5363438,-73.5127777
"Parc Sauvé (Balzac / de Bayonne)","Montréal-Nord",45.5990861,-73.6369479
"Rachel / du Parc-Lafontaine","Le Plateau-Mont-Royal",45.5254474,-73.5742486
"Parc Joseph-Robin (18e avenue / Everett)","Villeray - Saint-Michel - Parc-Extension",45.5648113,-73.5958041
"Métro St-Laurent 2 ( de Maisonneuve / St-Laurent)","Ville-Marie",45.5107698,-73.5649373
"Hutchison / Van Horne","Le Plateau-Mont-Royal",45.524942,-73.610606
"Berri /Ste-Catherine","Ville-Marie",45.5146906,-73.5599014
"Place des Festivals ( du Président-Kennedy / de Bleury)","Ville-Marie",45.5076439,-73.569324
"St-Hubert / de Maisonneuve (nord)","Ville-Marie",45.5161321,-73.5604969
"d'Iberville / Fleury","Ahuntsic-Cartierville",45.5754318,-73.6474305
"Hochelaga / de l'Assomption","Mercier - Hochelaga-Maisonneuve",45.5668831,-73.5394382
"de Brébeuf / Gilford","Le Plateau-Mont-Royal",45.530952,-73.581585
"de Chambly / de Rouen","Mercier - Hochelaga-Maisonneuve",45.5471031,-73.5489245
"Irene / St-Jacques","Le Sud-Ouest",45.480133,-73.5839313
"de la Roche / Marie-Anne","Le Plateau-Mont-Royal",45.52766,-73.576124
"2e avenue / Centrale","LaSalle",45.4328944,-73.5968529
"Métro Viau (Viau / Pierre-de-Coubertin)","Mercier - Hochelaga-Maisonneuve",45.5630842,-73.5481941
"Bibliothèque et Complexe aquatique Rosemont (9e avenue / Rosemont)","Rosemont - La Petite-Patrie",45.5520234,-73.5817184
"Ste-Catherine / Bishop","Ville-Marie",45.4966367,-73.5761287
"Hôpital Général Juif (de la Côte-Ste-Catherine / Légaré)","Côte-des-Neiges - Notre-Dame-de-Grâce",45.4962414,-73.6298387
"CHSLD Robert Cliche (de Bellechasse / 16e avenue)","Rosemont - La Petite-Patrie",45.557568,-73.579191
"Evans / Clark","Ville-Marie",45.5110837,-73.5679775
"de la Salle / Ontario","Mercier - Hochelaga-Maisonneuve",45.551862,-73.540228
"Métro Plamondon (Carlton / Victoria)","Côte-des-Neiges - Notre-Dame-de-Grâce",45.4953008,-73.6394939
"St-Mathieu / Baile","Ville-Marie",45.4928904,-73.5776126
"Dorion / Sherbrooke","Ville-Marie",45.5293521,-73.5633184
"Delisle / George-Vanier","Le Sud-Ouest",45.485974,-73.5728323
"de la Montagne / Sherbrooke","Ville-Marie",45.499745,-73.579034
"Soeurs-Grises / Margueritte d'Youville","Ville-Marie",45.4988464,-73.5546298
"Ste-Catherine / Parthenais","Ville-Marie",45.5262351,-73.54895
"Métro Cadillac (Cadillac / Sherbrooke)","Mercier - Hochelaga-Maisonneuve",45.5768333,-73.5464742
"St-Marc / Ste-Catherine","Ville-Marie",45.4928566,-73.5806543
"BAnQ (Berri)","Ville-Marie",45.5160139,-73.5629196
"Parc Nicolas-Tillemont (des Érables / Villeray)","Villeray - Saint-Michel - Parc-Extension",45.5546365,-73.6125522
"Parc Lalancette (de Rouen / Valois)","Mercier - Hochelaga-Maisonneuve",45.548145,-73.5471261
"Louisbourg / O'brien","Ahuntsic-Cartierville",45.5306042,-73.70377
"Darling / Sherbrooke","Rosemont - La Petite-Patrie",45.545328,-73.556352
"Parc Beaubien Outremont (Stuart / St-Viateur)","Outremont",45.5159697,-73.6082751
"Bibliothèque du Vieux-St-Laurent (de l'Église / Filiatrault)","Saint-Laurent",45.5128433,-73.6761242
"René-Lévesque / Papineau","Ville-Marie",45.5209208,-73.5499048
"Gare Montpellier (Muir / de la Côte-Vertu)","Saint-Laurent",45.5237405,-73.6716992
"CHSLD Joseph-François-Perrault (St-Michel / Everett)","Villeray - Saint-Michel - Parc-Extension",45.5596973,-73.6014596
"de Bellechasse / Pie-IX","Rosemont - La Petite-Patrie",45.5612927,-73.5761133
"6e avenue / Villeray","Villeray - Saint-Michel - Parc-Extension",45.5587396,-73.6058904
"de Châteauguay / Ropery","Le Sud-Ouest",45.4793011,-73.5662945
"Préfontaine / Marcel-Pépin","Rosemont - La Petite-Patrie",45.5436538,-73.5594206
"Parc des Vétérans (des Vétérans / Broadway)","Montréal-Est",45.6315812,-73.5079604
"Parc Maurice-Bélanger (Hébert / Denommée)","Montréal-Nord",45.5877138,-73.6317182
"21e avenue / St-Joseph Lachine","Lachine",45.4335115,-73.6833906
"11e avenue / du Souvenir","Laval",45.5693391,-73.7047273
"41e avenue / Victoria","Lachine",45.440347,-73.7023133
"King / de la Commune","Ville-Marie",45.4975258,-73.5531865
"Métro St-Laurent Dépôt ( de Maisonneuve / St-Laurent)","Ville-Marie",45.5106881,-73.5653074
"Gare du Ruisseau (Dutrisac / Henri-Bourassa)","Saint-Laurent",45.5281437,-73.6925454
"Parc de l'Hôtel-de-Ville (Laurendeau / Ste-Julie)","Montréal-Est",45.6308738,-73.4950389
"Parc Chenier (de l'Aréna / Chenier)","Anjou",45.6024865,-73.5432905
"Notre-Dame / Guy","Le Sud-Ouest",45.4900138,-73.5672063
"Sainte-Catherine / Guy","Ville-Marie",45.4951965,-73.5778345
"Wolfe / Ste-Catherine","Ville-Marie",45.517944,-73.5565475
"Dépôt Festivals ( de Maisonneuve / St-Laurent)","Ville-Marie",45.5106881,-73.5653074
"Parc de Montréal-Est (Notre-Dame Est / David)","Montréal-Est",45.6126908,-73.5100499
"Mayfield / St-Martin O","Laval",45.5530175,-73.7582266
"de Chenonceau / Chomedey","Laval",45.56157,-73.75448
"Terminus Le Carrefour (Terry-Fox / Le Carrefour)","Laval",45.5684203,-73.7468728
"Pierre-Péladeau / du Centropolis","Laval",45.5625118,-73.7437065
"du Mans / des Alouettes","Laval",45.5803349,-73.6847187
"Centre récréatif Édouard-Rivet (Lesage / Notre-Dame)","Montréal-Est",45.6283593,-73.5000479
"McNamara / St-Martin O","Laval",45.5712036,-73.7235188
"Métro Beaudry ( Beaudry / Ste-Catherine)","Ville-Marie",45.5188484,-73.5559458
"Ste-Catherine / St-Mathieu","Ville-Marie",45.4938326,-73.5791422
"Parc Armand-Bombardier (Perras / Armand-Bombardier)","Rivière-des-Prairies - Pointe-aux-Trembles",45.6391233,-73.5961118
"de Grenoble / de Cassis","Laval",45.5788972,-73.7049271
"Le Corbusier / St-Martin O","Laval",45.5650067,-73.7319054
"Jeanne-Mance / St-Martin O","Laval",45.5574215,-73.7480604
"Parc Ernest-Rouleau (Gouin)","Rivière-des-Prairies - Pointe-aux-Trembles",45.6313127,-73.616315
"St-Mathieu / Tupper","Ville-Marie",45.4932782,-73.5782891
"Métro Beaudry ( Montcalm / Ste-Catherine)","Ville-Marie",45.5183846,-73.5563515
"Parc Honoré-Mercier (Notre-Dame / Liébert)","Mercier - Hochelaga-Maisonneuve",45.5927525,-73.5103563
"Parc Angrignon ( Lacroix / des Trinitaires)","Le Sud-Ouest",45.4464195,-73.6014273
"Métro Beaudry (Beaudry / Ste-Catherine)","Ville-Marie",45.5188845,-73.5559385
"Parc d'Antioche (Place d'Antioche / St-Zotique)","Anjou",45.595352,-73.55859
"de Mentana / Rachel","Le Plateau-Mont-Royal",45.524963,-73.575559
"Palm / St-Rémi","Le Sud-Ouest",45.470366,-73.589816
"Parc Outremont (Bloomfield / Elmwood)","Outremont",45.518309,-73.603286
"Ann / Ottawa","Le Sud-Ouest",45.4949697,-73.558042
"Clark / St-Zotique","Rosemont - La Petite-Patrie",45.531611,-73.6133498
"de Chateaubriand / Leman","Villeray - Saint-Michel - Parc-Extension",45.5472345,-73.6310256
"Parc Henri-Durant (Léger / Henri-Durant)","Laval",45.5684396,-73.6752021
"Parc Angrignon (Lacroix / des Trinitaires)","Le Sud-Ouest",45.4444694,-73.6026478
"Keller / Cousineau","Saint-Laurent",45.5235502,-73.7138857
"Square Nelligan (des Appalaches / Alexis-Nihon)","Saint-Laurent",45.5143182,-73.7079982
"Grenet / Poirier","Saint-Laurent",45.5187192,-73.698754
"Quentin Gouvier (Duluth  / St-Denis)","Le Plateau-Mont-Royal",45.5208024,-73.5757989
"Duluth / du Parc","Le Plateau-Mont-Royal",45.5137914,-73.5824025
"Dixie / 53e avenue","Lachine",45.4433506,-73.7169045
"Gare Lachine (Sir George Simpson / 48e avenue)","Lachine",45.4478213,-73.7109178
"René- Lévesque /Papineau","Ville-Marie",45.5209516,-73.5499866
"Ste-Catherine / Towers","Ville-Marie",45.4922807,-73.5809648
"Métro Pie-IX (Pierre-de-Coubertin / Desjardins)","Mercier - Hochelaga-Maisonneuve",45.5543734,-73.5513747
"Clark / Laurier","Le Plateau-Mont-Royal",45.5225445,-73.5934693
"Wellington / 3e avenue","Verdun",45.4573462,-73.5675752
"Cartier / Marie-Anne","Le Plateau-Mont-Royal",45.532674,-73.571776
"des Pins / St-Laurent","Le Plateau-Mont-Royal",45.5152281,-73.5750961
"Métro Mont-Royal (Pontiac / du Mont-Royal)","Le Plateau-Mont-Royal",45.5239839,-73.5830784
"St-Urbain / Prince-Arthur","Le Plateau-Mont-Royal",45.5126427,-73.5734332
"Métro Côte-des-Neiges (Jean-Brillant / de la Côte-des-Neiges)","Côte-des-Neiges - Notre-Dame-de-Grâce",45.496098,-73.621733
"Métro Côte-Ste-Catherine (Beaucourt / de la Côte-Ste-Catherine)","Côte-des-Neiges - Notre-Dame-de-Grâce",45.491513,-73.633649
"Peel / Notre-Dame","Ville-Marie",45.4954469,-73.5632944
"Milton / University","Le Plateau-Mont-Royal",45.5065198,-73.576405
"Place du Canada (Peel / des Canadiens-de-Montréal)","Ville-Marie",45.4978835,-73.5685676
"Richardson / Montmorency","Le Sud-Ouest",45.4849661,-73.5603225
"St-Antoine / Jean-Paul Riopelle","Ville-Marie",45.5029397,-73.5606404
"Métro Sherbrooke (de Rigaud / Berri)","Le Plateau-Mont-Royal",45.518292,-73.567971
"St-Denis / de Maisonneuve","Ville-Marie",45.514404,-73.561919
"Chabot / Mont-Royal","Le Plateau-Mont-Royal",45.5341344,-73.5735244
"St-André / Rachel","Le Plateau-Mont-Royal",45.5243532,-73.5759665
"Chambord / Gilford","Le Plateau-Mont-Royal",45.5314889,-73.5810614
"Mansfield / Cathcart","Ville-Marie",45.5007599,-73.5704827
"de Rouen / Hogan","Ville-Marie",45.5363626,-73.5542125
"Lanaudière / Jean-Talon","Villeray - Saint-Michel - Parc-Extension",45.5454627,-73.6107802
"de Bellechasse / de Lanaudière","Rosemont - La Petite-Patrie",45.5393536,-73.5953736
"Stanley / René-Lévesque","Ville-Marie",45.4979039,-73.5707757
"Henri-Julien / Laurier","Le Plateau-Mont-Royal",45.525843,-73.590399
"de la Commune / Queen","Ville-Marie",45.496842,-73.5528928
"Frontenac / Ste-Catherine","Ville-Marie",45.5300628,-73.5455918
"Jeanne-Mance / Prince-Arthur","Le Plateau-Mont-Royal",45.5111621,-73.5751444
"Garnier / Villeray","Villeray - Saint-Michel - Parc-Extension",45.54948,-73.6160547
"St-Laurent / Pl. du Marché","Ville-Marie",45.5092896,-73.562416
"Workman / Vinet","Le Sud-Ouest",45.4837889,-73.5750613
"Laurier / St-Denis","Le Plateau-Mont-Royal",45.5271484,-73.5894795
"Chabanel / Tolhurst","Ahuntsic-Cartierville",45.540105,-73.6534703
"Métro de la Savane (Décarie / de Sorel)","Côte-des-Neiges - Notre-Dame-de-Grâce",45.5002518,-73.6617106
"Jeanne-Mance / Sherbrooke","Le Plateau-Mont-Royal",45.5092868,-73.5710192
"Plymouth / Duncan","Mont-Royal",45.5031653,-73.6622263
"Porte de Québec / St-André","Ville-Marie",45.5132941,-73.5505781
"Ste-Catherine / St-Clément","Mercier - Hochelaga-Maisonneuve",45.5567173,-73.5302496
"Belmont / Robert-Bourassa","Ville-Marie",45.501156,-73.56618
"de l'Hotel-de-Ville / Rachel","Le Plateau-Mont-Royal",45.5198966,-73.5801065
"de l'Hotel-de-Ville / Ontario","Ville-Marie",45.5137452,-73.5666633
"Métro St-Laurent ( de Maisonneuve / St-Laurent)","Ville-Marie",45.5107698,-73.5649373
"Fullum / Ste-Catherine","Ville-Marie",45.5271164,-73.5480165
"St-Grégoire / Christophe-Colomb","Le Plateau-Mont-Royal",45.5325974,-73.5901111
"St-Jacques / Vinet","Le Sud-Ouest",45.485329,-73.5769227
"Bibliothèque et Complexe aquatique Rosemont (8e avenue / Rosemont)","Rosemont - La Petite-Patrie",45.5515119,-73.5820779
"de Bordeaux / Sherbrooke","Ville-Marie",45.5299143,-73.5630262
"Du Quesne / de Marseille","Mercier - Hochelaga-Maisonneuve",45.5758124,-73.5412306
"Parc de Montréal-Est (Notre-Dame / David)","Montréal-Est",45.6131632,-73.5098936
"Laird / Glencoe","Mont-Royal",45.5061916,-73.642308
"Bennett / Ste-Catherine","Mercier - Hochelaga-Maisonneuve",45.553053,-73.532427
"René-Lévesque / Panet","Ville-Marie",45.5186242,-73.5521901
"Chambord / Beaubien","Rosemont - La Petite-Patrie",45.539932,-73.599343
"du Canal / McLaughlin","Lachine",45.4297026,-73.6694868
"Bloomfied / Elmwood","Outremont",45.5182559,-73.6032057
"Christophe Colomb / Gilford","Le Plateau-Mont-Royal",45.5297028,-73.5828853
"De Callières / d'Auvergne","Laval",45.593422,-73.6690217
"Maisonneuve / Wood","Westmount",45.4881979,-73.5880705
"Pierre-de-Coubertin / Aird","Mercier - Hochelaga-Maisonneuve",45.5590311,-73.5483035
"de la Côte-Ste-Catherine / Decelles","Côte-des-Neiges - Notre-Dame-de-Grâce",45.500941,-73.625637
"du Parc / François-Foucault","Laval",45.6057854,-73.66274
"Collège de Rosemont (Beaubien / 15e avenue)","Rosemont - La Petite-Patrie",45.5577499,-73.5838012
"8e avenue / Dandurand","Rosemont - La Petite-Patrie",45.5501136,-73.5772218
"Parc St-Claude (8e rue / 7e avenue)","Laval",45.5622343,-73.6916762
"Parc de l'Hôtel-de-Ville (Ste-Julie / Laurendeau)","Montréal-Est",45.630686,-73.4948468
"Montcalm / Ontario","Ville-Marie",45.521081,-73.562275
"Ouimet / Goineau","Laval",45.5750482,-73.6879957
"Robert-Bourassa / St-Maurice","Ville-Marie",45.4983705,-73.5605559
"St-Antoine / 19e avenue","Lachine",45.439938,-73.6814623
"St-Sylvestre / St-Charles","Longueuil",45.5363238,-73.5122496
"Charles-Daoust / 75e avenue","Laval",45.5425059,-73.7409532
"90e Avenue / Boulevard Lévesque O","Laval",45.5312146,-73.747353
"Stationnement incitatif de Montarville (de Montarville)","Boucherville",45.6011636,-73.4499935
"Stationnement incitatif de Mortagne (Ampère)","Boucherville",45.5725173,-73.4431207
"St-Jacques / Guy","Le Sud-Ouest",45.4913669,-73.5701072
"Louisbourg / O'Brien","Ahuntsic-Cartierville",45.5303945,-73.7039322
"Mexico / Valois","Laval",45.5847051,-73.7192541
"Robert-Bourassa / René-Lévesque","Ville-Marie",45.5021829,-73.5682538
"Coloniale / Duluth","Le Plateau-Mont-Royal",45.5178687,-73.5784274
"des Soeurs-Grises / Marguerite d'Youville","Ville-Marie",45.4988464,-73.5546298
"Clark / de l'Arcade","Le Plateau-Mont-Royal",45.527372,-73.6039835
"Métro Mont-Royal (Berri / Mont-Royal)","Le Plateau-Mont-Royal",45.5250137,-73.5822093
"Robin / St-André","Ville-Marie",45.5181281,-73.5618514
"Notre-Dame / McGill","Ville-Marie",45.5000258,-73.5601931
"Sherbrooke / Jeanne-d'Arc","Rosemont - La Petite-Patrie",45.5539816,-73.5549639
"Bishop / de Maisonneuve S/E","Ville-Marie",45.4981321,-73.5776207
"de la Vérendrye / 75e avenue","LaSalle",45.4207055,-73.6296605
"McGill / Wellington","Ville-Marie",45.4994477,-73.5548991
"Crescent / de Maisonneuve N/E","Ville-Marie",45.4981204,-73.5775959
"Métro Mont-Royal (Utilités publiques / Rivard)","Le Plateau-Mont-Royal",45.5242361,-73.5815522
"Ste-Catherine / St-Denis","Ville-Marie",45.5138185,-73.5604459
"Gilford / Papineau","Le Plateau-Mont-Royal",45.5346097,-73.5780251
"Métro Papineau (Dorion / De Maisonneuve)","Ville-Marie",45.5238446,-73.552366
"St-Hubert / René-Levesque","Ville-Marie",45.5143692,-73.556487
"Chambord / St-Joseph","Le Plateau-Mont-Royal",45.5320638,-73.582263
"Masson / Molson","Rosemont - La Petite-Patrie",45.5443459,-73.5769769
"Jean-Talon / de l'Épée","Villeray - Saint-Michel - Parc-Extension",45.5274866,-73.6240625
"St-Rémi / Ste-Émilie","Le Sud-Ouest",45.469765,-73.5892341
"Métro Place Saint-Henri (St-Ferdinand / St-Jacques)","Le Sud-Ouest",45.4772809,-73.5873042
"Sewell / Roy","Le Plateau-Mont-Royal",45.5146774,-73.5765982
"Chabot / Laurier","Le Plateau-Mont-Royal",45.5368558,-73.5793731
"Parc Molson (d'Iberville / Beaubien)","Rosemont - La Petite-Patrie",45.5490223,-73.5919816
"de Maisonneuve / Mansfield (sud-est)","Ville-Marie",45.5022935,-73.5733064
"Parc Loyola (Doherty / Somerled)","Côte-des-Neiges - Notre-Dame-de-Grâce",45.4597611,-73.6447746
"6e Avenue / Bélanger","Rosemont - La Petite-Patrie",45.5545828,-73.5963191
"Molson / Wiliam-Tremblay","Rosemont - La Petite-Patrie",45.5416028,-73.5649607
"Duke / Nazareth","Ville-Marie",45.4957224,-73.5546134
"Notre-Dame  / St-Martin","Le Sud-Ouest",45.4883019,-73.5687178
"Garnier / Beaubien","Rosemont - La Petite-Patrie",45.5415102,-73.5984206
"de l'Hôtel-de-Ville / Viger","Ville-Marie",45.509557,-73.557407
"Ste-Catherine / St-Laurent","Ville-Marie",45.5098134,-73.5638952
"Cartier / Gillford","Le Plateau-Mont-Royal",45.535288,-73.5773814
"Théâtre du Vieux-Terrebonne (St-Pierre / des Braves)","Terrebonne",45.6922331,-73.6370313
"de Maisonneuve / Wood","Westmount",45.4881979,-73.5880705
"des Écores / Beaubien","Rosemont - La Petite-Patrie",45.5475364,-73.5926726
"Fairmount / Hutchison","Le Plateau-Mont-Royal",45.5196243,-73.598312
"CCI Outremont (Dollard / Ducharme)","Outremont",45.5200191,-73.6189073
"Plymouth / Chem.Eden","Mont-Royal",45.5064888,-73.6604789
"Clark / Evans","Ville-Marie",45.511007,-73.567602
"de Mortagne / Jean-Neveu","Boucherville",45.5692375,-73.449499
"Gare LaSalle (Highlands)","LaSalle",45.4256127,-73.6571358
"du Marché Central / Crémazie","Ahuntsic-Cartierville",45.5334174,-73.6488837
"Place Valois (Valois / Ontario)","Mercier - Hochelaga-Maisonneuve",45.5471414,-73.5433951
"Ellendale / de la Côte-des-Neiges","Côte-des-Neiges - Notre-Dame-de-Grâce",45.499757,-73.629298
"Métro Fabre (Garnier / Jean-Talon)","Rosemont - La Petite-Patrie",45.5460463,-73.608583
"Métro St-Laurent dépôt 2 (de Maisonneuve / St-Laurent)","Ville-Marie",45.5107097,-73.5653543
"du Fort Saint-Louis / de la Perrière","Boucherville",45.6133301,-73.4515402
"Boyer / St-Joseph","Le Plateau-Mont-Royal",45.5295423,-73.5846072
"Parc de la Louisiane (31e avenue / de Bellechasse)","Rosemont - La Petite-Patrie",45.5666403,-73.5715958
"de l'hôtel de Ville / Viger N/E","Ville-Marie",45.509557,-73.557407
"Hôpital Pierre-Boucher (Jacques-Cartier / Bourdon)","Longueuil",45.5365321,-73.457669
"Hôpital Santa Cabrini (de Pontoise / d'Évreux)","Rosemont - La Petite-Patrie",45.581354,-73.57261
"St-Sylvestre / St-Charles S/E","Longueuil",45.5363889,-73.5124558
"Parc Lacharité (Latour / Forget)","LaSalle",45.4177375,-73.6233855
"20e avenue / de Bellechasse","Rosemont - La Petite-Patrie",45.5599626,-73.5769522
"Murray / Wellington","Le Sud-Ouest",45.4921472,-73.5579836
"Boyer /Laurier","Le Plateau-Mont-Royal",45.5303709,-73.5865103
"Brébeuf / Laurier","Le Plateau-Mont-Royal",45.5323607,-73.5846341
"Saint-Rémi / Valois","Laval",45.5839618,-73.7208259
"de l'Hôtel-de-Ville / Rachel","Le Plateau-Mont-Royal",45.5198966,-73.5801065
"de la Montagne / Notre-Dame","Le Sud-Ouest",45.4929134,-73.5646878
"de la Montagne / Ste-Catherine","Ville-Marie",45.4977406,-73.5748494
"St-Urbain / Laurier","Le Plateau-Mont-Royal",45.5216462,-73.5936677
"Ste-Catherine / Mackay","Ville-Marie",45.4956641,-73.5770635
"Métro Fabre (Papineau / Jean-Talon)","Rosemont - La Petite-Patrie",45.5477393,-73.606934
"3e avenue / Wellington","Verdun",45.4572924,-73.5672694
"Saint-Denis/de Maisonneuve","Ville-Marie",45.5144049,-73.5618111
"Chambord / Jean-Talon","Villeray - Saint-Michel - Parc-Extension",45.544846,-73.610536
"Métro Angrignon (Lamont / des Trinitaires)","Le Sud-Ouest",45.4465045,-73.602562
"Jeanne-Mance / Fairmount","Le Plateau-Mont-Royal",45.5209837,-73.5972807
"Lebrun / Bédard","Longueuil",45.5470645,-73.4519621
"Lamarre / Lavallée","Longueuil",45.5337477,-73.4859958
"Marquette / Gillford","Le Plateau-Mont-Royal",45.533815,-73.5789049
"Quai Yvon-Julien (Marie-Victorin / de Montarville)","Boucherville",45.606718,-73.4569203
"de Mortagne / de Montarville","Boucherville",45.5914798,-73.4360585
"Aird / Pierre-de-Coubertin","Mercier - Hochelaga-Maisonneuve",45.5589253,-73.5480573
"Guy / Notre-Dame  S/O","Le Sud-Ouest",45.4900319,-73.5671233
"Parc St-Sacrement (des Seigneurs / St-Sacrement)","Terrebonne",45.7023493,-73.639578
"Parc Laurier (Laurier / Dubuc)","Longueuil",45.5336105,-73.4737462
"Jardin Botanique dépôt fierté (Sherbrooke / Pie-IX)","Rosemont - La Petite-Patrie",45.5567924,-73.554647
"Laurier / Brébeuf","Le Plateau-Mont-Royal",45.5323607,-73.5846341
"Duluth / Parc","Le Plateau-Mont-Royal",45.5137715,-73.5824025
"Monk / de Biencourt","Le Sud-Ouest",45.4584299,-73.5960603
"Christophe-Colomb / Gilford","Le Plateau-Mont-Royal",45.5297028,-73.5828853
"Centre récréatif Édouard-Rivet (Notre-Dame / Lesage)","Montréal-Est",45.6284616,-73.4995215
"Carrefour Angrignon (Angrignon / Newman)","LaSalle",45.4484341,-73.6129455
"Fernand-Lafontaine / Adoncour","Longueuil",45.5512193,-73.483912
"Louis-R.-Renaud / Armand-Frappier","Laval",45.5545669,-73.734473
"Mozart / François-Foucault","Laval",45.604288,-73.6649179
"Métro Viau ( Pierre-de-Coubertin / Viau)","Mercier - Hochelaga-Maisonneuve",45.5622187,-73.5462677
"Émile / 7e Avenue","Laval",45.5630705,-73.6927687
"Métro Fabre (Fabre / Jean-Talon)","Rosemont - La Petite-Patrie",45.546679,-73.6079505
"Poupart / Logan","Ville-Marie",45.5300804,-73.5494093
"Ste-Catherine / Drummond","Ville-Marie",45.4985885,-73.5742781
"des Pins / Hutchison","Le Plateau-Mont-Royal",45.5109281,-73.5781579
"Milton / St-Laurent","Le Plateau-Mont-Royal",45.5129039,-73.5705918
"Parc Jeanne-Mance (monument sir George-Étienne-Cartier)","Le Plateau-Mont-Royal",45.5148749,-73.5848641
"Rielle / Wellington","Verdun",45.4601559,-73.5670012
"6917 Parc Henri-Julien (St-Denis / Legendre)","Ahuntsic-Cartierville",45.5472998,-73.6458743
"Métro Joliette  (Hochelaga / Joliette)","Mercier - Hochelaga-Maisonneuve",45.5469919,-73.5511534
"Parc du Pélican (Molson / Masson)","Rosemont - La Petite-Patrie",45.5440891,-73.5770595
"Ottawa / du Séminaire","Le Sud-Ouest",45.4912954,-73.5615993
"Métro Jean-Drapeau","Ville-Marie",45.5128006,-73.5311159
"Terminus de bus EXO (Côte de Terrebonne)","Terrebonne",45.697815,-73.6540647
"Parc du Pélican (1ere Ave / Masson)","Rosemont - La Petite-Patrie",45.5451884,-73.5764426
"Cathcart / McGill College","Ville-Marie",45.5011877,-73.5704549
"Bishop / René-Lévesque","Ville-Marie",45.4953231,-73.5738867
"Jardin Botanique Dépôt Fierté (Sherbrooke / Pie-IX)","Rosemont - La Petite-Patrie",45.5567924,-73.554647
"7e avenue / Jean-Rivard","Villeray - Saint-Michel - Parc-Extension",45.563606,-73.6158858
"Industriel / Louis-J.-Lafortune","Boucherville",45.5819096,-73.4552991
"Jean-Paul-Vincent / Adoncour","Longueuil",45.5646764,-73.4795775
"Ste-Cathrine / Drummond","Ville-Marie",45.4985885,-73.5742781
"Ste-Catherine / Drummond S/E","Ville-Marie",45.4986699,-73.5742392
"Complexe Desjardins (St-Urbain / René-Lévesque)","Ville-Marie",45.5078852,-73.5631506
"Parc Henri-Julien (St-Denis / Legendre)","Ahuntsic-Cartierville",45.5472998,-73.6458743
"de la Petrie /de la Cote-des-Neiges","Côte-des-Neiges - Notre-Dame-de-Grâce",45.4996658,-73.6302906
"Irwin / Allard","LaSalle",45.4489034,-73.6049049
"Mont-Royal / St-Denis","Le Plateau-Mont-Royal",45.5238768,-73.5830489
"Wiseman / D’Ogilvy","Villeray - Saint-Michel - Parc-Extension",45.5262765,-73.6270237
"Gilford / Drolet","Le Plateau-Mont-Royal",45.5239703,-73.5850748
"Saint-Sylvestre / Labonté","Longueuil",45.5354258,-73.5136585
"Jardin Botanique (Sherbrooke / Pie-IX)","Rosemont - La Petite-Patrie",45.5567924,-73.554647
"de Châteauguay / St-Charles","Le Vieux-Longueuil",45.5332465,-73.5162418
"Métro Angrignon (de Monts / des Trinitaires)","Le Sud-Ouest",45.447133,-73.6033317
"Ottawa / Séminaire","Le Sud-Ouest",45.4912954,-73.5615993
"Parc Père-Marquette ( de Bellechasse / de Lanaudière)","Rosemont - La Petite-Patrie",45.5393536,-73.5953736
"Parc Villeray (Christophe-Colomb / Jarry) 2","Villeray - Saint-Michel - Parc-Extension",45.548115,-73.6243334
"28e avenue / Rosemont","Rosemont - La Petite-Patrie",45.5637099,-73.5713947
"Everett / 8e avenue","Villeray - Saint-Michel - Parc-Extension",45.5577615,-73.6015454
"de Champlain / Ontario","Ville-Marie",45.5243588,-73.5605344
"Aylmer/ Sainte-Catherine","Le Plateau-Mont-Royal",45.5062946,-73.5728269
"de Maisonneuve / Berri","Ville-Marie",45.5160139,-73.5629195
"Métro Lionel-Groulx (Walker / Saint-Jacques)","Le Sud-Ouest",45.4824297,-73.5836798
"Sicard / Adam","Mercier - Hochelaga-Maisonneuve",45.5531592,-73.5326327
"Jeanne-Mance / Bernard","Le Plateau-Mont-Royal",45.5242831,-73.6049484
"Fleury / Lajeunesse","Ahuntsic-Cartierville",45.5534001,-73.6622545
"Parc Outremont (Bloomfield / St-Viateur)","Outremont",45.5182559,-73.6032057
"Ball / Querbes","Villeray - Saint-Michel - Parc-Extension",45.5299594,-73.632946
"Querbes / Ball","Villeray - Saint-Michel - Parc-Extension",45.5299594,-73.632946
"d'Orléans / du Mont-Royal","Rosemont - La Petite-Patrie",45.5535846,-73.5605291
"de Normanville / Jean-Talon","Rosemont - La Petite-Patrie",45.5415268,-73.6124887
"Cégep André-Laurendeau","LaSalle",45.4360551,-73.6057751
"de Normanville / Beaubien","Rosemont - La Petite-Patrie",45.5399002,-73.5993621
"8e avenue / Jarry","Villeray - Saint-Michel - Parc-Extension",45.5616903,-73.610512
"CHU Sainte-Justine (de la Côte Sainte-Catherine / Hudson)","Côte-des-Neiges - Notre-Dame-de-Grâce",45.5039817,-73.6228395
"St-Viateur / Casgrain","Le Plateau-Mont-Royal",45.5251943,-73.5993565
"Saint-Viateur / Casgrain","Le Plateau-Mont-Royal",45.5251943,-73.5993565
"St-Viateur / St-Laurent","Le Plateau-Mont-Royal",45.5251943,-73.5993565
"Mackay / Sainte-Catherine","Ville-Marie",45.4981204,-73.5775959
"De Lanaudière / du Mont-Royal","Le Plateau-Mont-Royal",45.5292784,-73.5779285
"de l'Hôtel-de-Ville / St-Joseph","Le Plateau-Mont-Royal",45.5240463,-73.5901506
"de Grosbois / Ducheneau","Mercier - Hochelaga-Maisonneuve",45.6112307,-73.5312415
"Sanguinet / Sainte-Catherine","Ville-Marie",45.5116605,-73.5621357
"De la Commune / King","Ville-Marie",45.4975038,-73.5528445
"Bishop/ René-Lévesque","Ville-Marie",45.4977407,-73.5748494
"Lespérance / de Rouen","Ville-Marie",45.5388594,-73.5528177
"Fleury / de St-Firmin","Ahuntsic-Cartierville",45.5706247,-73.6517859
"Dandurand / de Lorimier","Rosemont - La Petite-Patrie",45.5413318,-73.5838777
"Parc Dixie (54e avenue / Dixie)","Lachine",45.4433803,-73.7178916
"du Mont-Royal / Laurendeau","Rosemont - La Petite-Patrie",45.5435579,-73.5678006
"Hutchison / Sherbrooke","Ville-Marie",45.5051022,-73.5718788
"Duchesneau / Marseille","Mercier - Hochelaga-Maisonneuve",45.6096263,-73.522739
"St-Cuthbert / St-Urbain","Le Plateau-Mont-Royal",45.5151323,-73.581056
"Berri / Duluth","Le Plateau-Mont-Royal",45.5206276,-73.5759491
"Garnier / Everett","Villeray - Saint-Michel - Parc-Extension",45.5475815,-73.6122085
"Drolet / Faillon","Villeray - Saint-Michel - Parc-Extension",45.5398909,-73.6202699
"Chapleau / Terrasse Mercure","Le Plateau-Mont-Royal",45.5355416,-73.5659391
"Dorion / Gauthier","Le Plateau-Mont-Royal",45.5316636,-73.5653637
"Villeneuve / St-Denis","Le Plateau-Mont-Royal",45.5249762,-73.5855889
"Vendôme / Sherbrooke","Côte-des-Neiges - Notre-Dame-de-Grâce",45.4762943,-73.6061749
"Guizot / Clark","Villeray - Saint-Michel - Parc-Extension",45.5396804,-73.6345043
"Durocher / Van Horne","Le Plateau-Mont-Royal",45.5249771,-73.6106864
"de la Rotonde / Jacques-Le Ber","Verdun",45.472599,-73.5398056
"St-Gérard / Villeray","Villeray - Saint-Michel - Parc-Extension",45.5421817,-73.6226866
"Parc Langelier - Marie-Victorin","Montréal-Nord",45.6145198,-73.6118746
"LaSalle / 80e avenue","LaSalle",45.4177458,-73.6451876
"Legrand / Laurier","Laval",45.5523374,-73.70749
"de la Salle / Hochelaga","Mercier - Hochelaga-Maisonneuve",45.5546589,-73.546603
"de la Salle / Ste-Catherine","Mercier - Hochelaga-Maisonneuve",45.5507836,-73.5341
"Maguire / Saint-Dominique","Le Plateau-Mont-Royal",45.5246285,-73.5958108
"Garnier / du Mont-Royal","Le Plateau-Mont-Royal",45.5322179,-73.5754314
"des Érables / du Mont-Royal","Le Plateau-Mont-Royal",45.5371141,-73.5710031
"Gilford / Parthenais","Le Plateau-Mont-Royal",45.5394606,-73.5760564
"Métro Cadillac (de Cadillac / Sherbrooke)","Mercier - Hochelaga-Maisonneuve",45.5768333,-73.5464742
"Marquette / Jean-Talon","Rosemont - La Petite-Patrie",45.5466789,-73.6079505
"Lajeunesse / Jarry","Villeray - Saint-Michel - Parc-Extension",45.5435597,-73.627772
"Métro Lionel-Groulx (Saint-Jacques/ Atwater)","Le Sud-Ouest",45.4829582,-73.5797584
"Métro Pie-IX (Pierre-de-Coubertin / De La Salle)","Mercier - Hochelaga-Maisonneuve",45.5543734,-73.5513746
"du Président-Kennedy / Jeanne-Mance","Ville-Marie",45.5082046,-73.5688144
"de Kent / Victoria","Côte-des-Neiges - Notre-Dame-de-Grâce",45.4946867,-73.6387187
"Métro Snowdon (Dornal / Westbury)","Côte-des-Neiges - Notre-Dame-de-Grâce",45.4854241,-73.6281619
"Monk / Jacques-Hertel","Le Sud-Ouest",45.4586632,-73.5960227
"Robin / de la Visitation","Ville-Marie",45.519132,-73.5578897
"Casgrain / Mozart","Rosemont - La Petite-Patrie",45.5332862,-73.6154638
"St-Henri / Notre-Dame","Ville-Marie",45.5010231,-73.559448
"Fullum / Sherbrooke","Le Plateau-Mont-Royal",45.5340705,-73.5626507
"Parc Beaubien (Stuart / St-Viateur)","Outremont",45.5159697,-73.6082751
"Stuart / St-Viateur","Outremont",45.5159697,-73.6082751
"Fleury / André-Jobin","Ahuntsic-Cartierville",45.5762948,-73.6467594
"1ère avenue / Masson","Rosemont - La Petite-Patrie",45.5451884,-73.5764426
"Parc du Pélican (Laurier/ 2e avenue)","Rosemont - La Petite-Patrie",45.5445808,-73.5717112
"François-Boivin / Bélanger","Mercier - Hochelaga-Maisonneuve",45.591455,-73.5627553
"Dumesnil / Bélanger","Saint-Léonard",45.5864765,-73.5703969
"Parc Georges St-Pierre (Upper Lachine / Oxford)","Côte-des-Neiges - Notre-Dame-de-Grâce",45.46888,-73.6094391
"Parc Hébert ( Provencher / Buies)","Saint-Léonard",45.5723781,-73.5937047
"Parc Hébert (Provencher / Buies)","Saint-Léonard",45.5723781,-73.5937047
"Notre-Dame / Liébert","Mercier - Hochelaga-Maisonneuve",45.5927526,-73.5103563
"Parc Maurice Bélanger (Forest / de l'Hôtel-de-Ville)","Montréal-Nord",45.5877138,-73.6317182
"de Belleville / Fleury","Montréal-Nord",45.58116,-73.6412434
"Ropery / Grand Trunk","Le Sud-Ouest",45.4785457,-73.5657231
"Parc Saint-Laurent (Dutrisac)","Saint-Laurent",45.5259138,-73.6891115
"St-Joseph / 34e avenue Lachine","Lachine",45.4328398,-73.6934915
"Notre-Dame / Murray","Ville-Marie",45.4954469,-73.5632945
"Place du Village-de-la-Pointe-aux-Trembles (St-Jean-Baptiste / Notre-Dame)","Rivière-des-Prairies - Pointe-aux-Trembles",45.6400029,-73.490113
"Valois / Ontario","Mercier - Hochelaga-Maisonneuve",45.5471414,-73.5433951
"des Bassins / Richmond","Le Sud-Ouest",45.4875216,-73.5650029
"REV (Souligny / Desmarteau)","Mercier - Hochelaga-Maisonneuve",45.6044409,-73.5161183
"St-Christophe / Cherrier","Le Plateau-Mont-Royal",45.5205158,-73.567696
"Boyer / Rachel","Le Plateau-Mont-Royal",45.5243532,-73.5759665
"Labelle / Ste-Catherine","Ville-Marie",45.5162975,-73.5580105
"Place Émilie-Gamelin (St-Hubert / de Maisonneuve)","Ville-Marie",45.5162975,-73.5580105
"St-Hubert / René-Lévesque","Ville-Marie",45.5162975,-73.5580105
"19e avenue / Saint-Antoine","Lachine",45.439938,-73.6814623
"8e avenue / Saint-Joseph Lachine","Lachine",45.4315189,-73.6711045
"St-Joseph /21e avenue Lachine","Lachine",45.4335212,-73.6835432
"Chomedey / Lincoln","Ville-Marie",45.4944486,-73.5833761
"Place du Canada ( Peel / de la Gauchetière)","Ville-Marie",45.4979039,-73.5707757
"Terminus Le Carrefour (Terry-Fox / Le Carr)","Laval",45.5684203,-73.7468728
"Robert-Bourassa / de Maisonneuve","Ville-Marie",45.5040272,-73.5697022
"Robert-Bourassa / Ste-Catherine","Ville-Marie",45.5040272,-73.5697022
"Wolfe / René-Lévesque","Ville-Marie",45.5162537,-73.5529175
